<?xml version="1.0" encoding="UTF-8" standalone="yes"?><entry xmlns="http://purl.org/atom/ns#"><id>5</id><title>5</title><category term="0" scheme="row" label=""/><category term="0" scheme="level" label=""/><category term="111111111111111111111111" scheme="securitypolicy" label=""/><category term="000000000000000000000000" scheme="customsecuritypolicy" label=""/><category term="1" scheme="count" label=""/><category term="N" scheme="changedOnly" label=""/><category term="" scheme="groupNameRecordPosition" label=""/><category term="0" scheme="jobOrJobRunRecordPosition" label=""/><source>com.tidalsoft.webclient.tes.dsp.api.model.BusinessUnitView</source><tes:businessunit xmlns:tes="http://www.tidalsoftware.com/client/tesservlet"><tes:id>5</tes:id><tes:active>Y</tes:active><tes:dsttzoffset>0</tes:dsttzoffset><tes:indsttzperiod>N</tes:indsttzperiod><tes:lastchangetime>2019-01-30T02:01:55+0900</tes:lastchangetime><tes:mastertzoffset>0</tes:mastertzoffset><tes:name>JAPAN</tes:name><tes:publicflag>Y</tes:publicflag><tes:timezoneid>JST</tes:timezoneid><tes:tzname>Japan Standard Time</tes:tzname><tes:utctzoffset>32400</tes:utctzoffset></tes:businessunit></entry>
