<?xml version="1.0" encoding="UTF-8" standalone="yes"?><feed version="0.3" xmlns="http://purl.org/atom/ns#"><title>tesPRDjp/tes:SystemValue.getList</title><category term="0" scheme="row" label=""/><category term="0" scheme="level" label=""/><category term="111111111111111111111111" scheme="securitypolicy" label=""/><category term="000000000000000000000000" scheme="customsecuritypolicy" label=""/><category term="93" scheme="count" label=""/><category term="N" scheme="changedOnly" label=""/><category term="" scheme="groupNameRecordPosition" label=""/><category term="0" scheme="jobOrJobRunRecordPosition" label=""/><generator uri="http://www.tidalsoftware.com">TES</generator><modified>2022-03-16T21:49:15.084+09:00</modified><entry><id>1</id><title>1</title><category term="0" scheme="row" label=""/><category term="0" scheme="level" label=""/><category term="111111111111111111111111" scheme="securitypolicy" label=""/><category term="000000000000000000000000" scheme="customsecuritypolicy" label=""/><category term="93" scheme="count" label=""/><category term="N" scheme="changedOnly" label=""/><category term="" scheme="groupNameRecordPosition" label=""/><category term="0" scheme="jobOrJobRunRecordPosition" label=""/><link href="http://jptyotagcmp001.onetakeda.com:8080/api/tesPRDjp/SystemValue.get/1" rel="alternate" type="text/html" title="1" length="0"/><source>com.tidalsoft.webclient.tes.dsp.api.model.SystemValueView</source><modified>1976-07-04T00:00:00+09:00</modified><tes:systemvalue xmlns:tes="http://www.tidalsoftware.com/client/tesservlet"><tes:id>1</tes:id><tes:intvalue>10</tes:intvalue><tes:lastchangetime>1976-07-04T00:00:00+0900</tes:lastchangetime></tes:systemvalue></entry><entry><id>2</id><title>2</title><category term="0" scheme="row" label=""/><category term="0" scheme="level" label=""/><category term="111111111111111111111111" scheme="securitypolicy" label=""/><category term="000000000000000000000000" scheme="customsecuritypolicy" label=""/><link href="http://jptyotagcmp001.onetakeda.com:8080/api/tesPRDjp/SystemValue.get/2" rel="alternate" type="text/html" title="2" length="0"/><source>com.tidalsoft.webclient.tes.dsp.api.model.SystemValueView</source><modified>2019-01-30T01:58:29+09:00</modified><tes:systemvalue xmlns:tes="http://www.tidalsoftware.com/client/tesservlet"><tes:id>2</tes:id><tes:intvalue>5</tes:intvalue><tes:lastchangetime>2019-01-30T01:58:29+0900</tes:lastchangetime></tes:systemvalue></entry><entry><id>3</id><title>3</title><category term="0" scheme="row" label=""/><category term="0" scheme="level" label=""/><category term="111111111111111111111111" scheme="securitypolicy" label=""/><category term="000000000000000000000000" scheme="customsecuritypolicy" label=""/><link href="http://jptyotagcmp001.onetakeda.com:8080/api/tesPRDjp/SystemValue.get/3" rel="alternate" type="text/html" title="3" length="0"/><source>com.tidalsoft.webclient.tes.dsp.api.model.SystemValueView</source><modified>2019-03-28T21:11:43+09:00</modified><tes:systemvalue xmlns:tes="http://www.tidalsoftware.com/client/tesservlet"><tes:id>3</tes:id><tes:strvalue>NOREPLY-tidal-PROD-japan@onetakeda.com</tes:strvalue><tes:lastchangetime>2019-03-28T21:11:43+0900</tes:lastchangetime></tes:systemvalue></entry><entry><id>4</id><title>4</title><category term="0" scheme="row" label=""/><category term="0" scheme="level" label=""/><category term="111111111111111111111111" scheme="securitypolicy" label=""/><category term="000000000000000000000000" scheme="customsecuritypolicy" label=""/><link href="http://jptyotagcmp001.onetakeda.com:8080/api/tesPRDjp/SystemValue.get/4" rel="alternate" type="text/html" title="4" length="0"/><source>com.tidalsoft.webclient.tes.dsp.api.model.SystemValueView</source><modified>1976-07-04T00:00:00+09:00</modified><tes:systemvalue xmlns:tes="http://www.tidalsoftware.com/client/tesservlet"><tes:id>4</tes:id><tes:intvalue>1</tes:intvalue><tes:lastchangetime>1976-07-04T00:00:00+0900</tes:lastchangetime><tes:agenttype>1</tes:agenttype><tes:agentostype>1</tes:agentostype><tes:agentname>AAA_PRIMARY_MASTER</tes:agentname></tes:systemvalue></entry><entry><id>5</id><title>5</title><category term="0" scheme="row" label=""/><category term="0" scheme="level" label=""/><category term="111111111111111111111111" scheme="securitypolicy" label=""/><category term="000000000000000000000000" scheme="customsecuritypolicy" label=""/><link href="http://jptyotagcmp001.onetakeda.com:8080/api/tesPRDjp/SystemValue.get/5" rel="alternate" type="text/html" title="5" length="0"/><source>com.tidalsoft.webclient.tes.dsp.api.model.SystemValueView</source><modified>1976-07-04T00:00:00+09:00</modified><tes:systemvalue xmlns:tes="http://www.tidalsoftware.com/client/tesservlet"><tes:id>5</tes:id><tes:strvalue>Y</tes:strvalue><tes:lastchangetime>1976-07-04T00:00:00+0900</tes:lastchangetime></tes:systemvalue></entry><entry><id>6</id><title>6</title><category term="0" scheme="row" label=""/><category term="0" scheme="level" label=""/><category term="111111111111111111111111" scheme="securitypolicy" label=""/><category term="000000000000000000000000" scheme="customsecuritypolicy" label=""/><link href="http://jptyotagcmp001.onetakeda.com:8080/api/tesPRDjp/SystemValue.get/6" rel="alternate" type="text/html" title="6" length="0"/><source>com.tidalsoft.webclient.tes.dsp.api.model.SystemValueView</source><modified>1976-07-04T00:00:00+09:00</modified><tes:systemvalue xmlns:tes="http://www.tidalsoftware.com/client/tesservlet"><tes:id>6</tes:id><tes:strvalue>111111111111111111111111111111</tes:strvalue><tes:lastchangetime>1976-07-04T00:00:00+0900</tes:lastchangetime></tes:systemvalue></entry><entry><id>7</id><title>7</title><category term="0" scheme="row" label=""/><category term="0" scheme="level" label=""/><category term="111111111111111111111111" scheme="securitypolicy" label=""/><category term="000000000000000000000000" scheme="customsecuritypolicy" label=""/><link href="http://jptyotagcmp001.onetakeda.com:8080/api/tesPRDjp/SystemValue.get/7" rel="alternate" type="text/html" title="7" length="0"/><source>com.tidalsoft.webclient.tes.dsp.api.model.SystemValueView</source><modified>1976-07-04T00:00:00+09:00</modified><tes:systemvalue xmlns:tes="http://www.tidalsoftware.com/client/tesservlet"><tes:id>7</tes:id><tes:strvalue>N</tes:strvalue><tes:lastchangetime>1976-07-04T00:00:00+0900</tes:lastchangetime></tes:systemvalue></entry><entry><id>8</id><title>8</title><category term="0" scheme="row" label=""/><category term="0" scheme="level" label=""/><category term="111111111111111111111111" scheme="securitypolicy" label=""/><category term="000000000000000000000000" scheme="customsecuritypolicy" label=""/><link href="http://jptyotagcmp001.onetakeda.com:8080/api/tesPRDjp/SystemValue.get/8" rel="alternate" type="text/html" title="8" length="0"/><source>com.tidalsoft.webclient.tes.dsp.api.model.SystemValueView</source><modified>2021-11-30T02:14:21+09:00</modified><tes:systemvalue xmlns:tes="http://www.tidalsoftware.com/client/tesservlet"><tes:id>8</tes:id><tes:strvalue>113112113111111111111111111111</tes:strvalue><tes:lastchangetime>2021-11-30T02:14:21+0900</tes:lastchangetime></tes:systemvalue></entry><entry><id>9</id><title>9</title><category term="0" scheme="row" label=""/><category term="0" scheme="level" label=""/><category term="111111111111111111111111" scheme="securitypolicy" label=""/><category term="000000000000000000000000" scheme="customsecuritypolicy" label=""/><link href="http://jptyotagcmp001.onetakeda.com:8080/api/tesPRDjp/SystemValue.get/9" rel="alternate" type="text/html" title="9" length="0"/><source>com.tidalsoft.webclient.tes.dsp.api.model.SystemValueView</source><modified>2019-01-30T01:59:44+09:00</modified><tes:systemvalue xmlns:tes="http://www.tidalsoftware.com/client/tesservlet"><tes:id>9</tes:id><tes:intvalue>90</tes:intvalue><tes:lastchangetime>2019-01-30T01:59:44+0900</tes:lastchangetime></tes:systemvalue></entry><entry><id>10</id><title>10</title><category term="0" scheme="row" label=""/><category term="0" scheme="level" label=""/><category term="111111111111111111111111" scheme="securitypolicy" label=""/><category term="000000000000000000000000" scheme="customsecuritypolicy" label=""/><link href="http://jptyotagcmp001.onetakeda.com:8080/api/tesPRDjp/SystemValue.get/10" rel="alternate" type="text/html" title="10" length="0"/><source>com.tidalsoft.webclient.tes.dsp.api.model.SystemValueView</source><modified>2019-01-30T01:59:44+09:00</modified><tes:systemvalue xmlns:tes="http://www.tidalsoftware.com/client/tesservlet"><tes:id>10</tes:id><tes:intvalue>90</tes:intvalue><tes:lastchangetime>2019-01-30T01:59:44+0900</tes:lastchangetime></tes:systemvalue></entry><entry><id>11</id><title>11</title><category term="0" scheme="row" label=""/><category term="0" scheme="level" label=""/><category term="111111111111111111111111" scheme="securitypolicy" label=""/><category term="000000000000000000000000" scheme="customsecuritypolicy" label=""/><link href="http://jptyotagcmp001.onetakeda.com:8080/api/tesPRDjp/SystemValue.get/11" rel="alternate" type="text/html" title="11" length="0"/><source>com.tidalsoft.webclient.tes.dsp.api.model.SystemValueView</source><modified>1976-07-04T00:00:00+09:00</modified><tes:systemvalue xmlns:tes="http://www.tidalsoftware.com/client/tesservlet"><tes:id>11</tes:id><tes:intvalue>3</tes:intvalue><tes:lastchangetime>1976-07-04T00:00:00+0900</tes:lastchangetime><tes:agenttype>6</tes:agenttype><tes:agentostype>2</tes:agentostype><tes:agentname>SFPAC99</tes:agentname></tes:systemvalue></entry><entry><id>12</id><title>12</title><category term="0" scheme="row" label=""/><category term="0" scheme="level" label=""/><category term="111111111111111111111111" scheme="securitypolicy" label=""/><category term="000000000000000000000000" scheme="customsecuritypolicy" label=""/><link href="http://jptyotagcmp001.onetakeda.com:8080/api/tesPRDjp/SystemValue.get/12" rel="alternate" type="text/html" title="12" length="0"/><source>com.tidalsoft.webclient.tes.dsp.api.model.SystemValueView</source><modified>2019-01-30T01:55:22+09:00</modified><tes:systemvalue xmlns:tes="http://www.tidalsoftware.com/client/tesservlet"><tes:id>12</tes:id><tes:strvalue>Y</tes:strvalue><tes:intvalue>7</tes:intvalue><tes:lastchangetime>2019-01-30T01:55:22+0900</tes:lastchangetime></tes:systemvalue></entry><entry><id>13</id><title>13</title><category term="0" scheme="row" label=""/><category term="0" scheme="level" label=""/><category term="111111111111111111111111" scheme="securitypolicy" label=""/><category term="000000000000000000000000" scheme="customsecuritypolicy" label=""/><link href="http://jptyotagcmp001.onetakeda.com:8080/api/tesPRDjp/SystemValue.get/13" rel="alternate" type="text/html" title="13" length="0"/><source>com.tidalsoft.webclient.tes.dsp.api.model.SystemValueView</source><modified>2022-03-16T00:00:47+09:00</modified><tes:systemvalue xmlns:tes="http://www.tidalsoftware.com/client/tesservlet"><tes:id>13</tes:id><tes:timevalue>2022-03-16T00:00:00+0900</tes:timevalue><tes:lastchangetime>2022-03-16T00:00:47+0900</tes:lastchangetime></tes:systemvalue></entry><entry><id>14</id><title>14</title><category term="0" scheme="row" label=""/><category term="0" scheme="level" label=""/><category term="111111111111111111111111" scheme="securitypolicy" label=""/><category term="000000000000000000000000" scheme="customsecuritypolicy" label=""/><link href="http://jptyotagcmp001.onetakeda.com:8080/api/tesPRDjp/SystemValue.get/14" rel="alternate" type="text/html" title="14" length="0"/><source>com.tidalsoft.webclient.tes.dsp.api.model.SystemValueView</source><modified>2020-02-08T04:42:50+09:00</modified><tes:systemvalue xmlns:tes="http://www.tidalsoftware.com/client/tesservlet"><tes:id>14</tes:id><tes:intvalue>5</tes:intvalue><tes:lastchangetime>2020-02-08T04:42:50+0900</tes:lastchangetime></tes:systemvalue></entry><entry><id>15</id><title>15</title><category term="0" scheme="row" label=""/><category term="0" scheme="level" label=""/><category term="111111111111111111111111" scheme="securitypolicy" label=""/><category term="000000000000000000000000" scheme="customsecuritypolicy" label=""/><link href="http://jptyotagcmp001.onetakeda.com:8080/api/tesPRDjp/SystemValue.get/15" rel="alternate" type="text/html" title="15" length="0"/><source>com.tidalsoft.webclient.tes.dsp.api.model.SystemValueView</source><modified>1976-07-04T00:00:00+09:00</modified><tes:systemvalue xmlns:tes="http://www.tidalsoftware.com/client/tesservlet"><tes:id>15</tes:id><tes:intvalue>0</tes:intvalue><tes:lastchangetime>1976-07-04T00:00:00+0900</tes:lastchangetime></tes:systemvalue></entry><entry><id>16</id><title>16</title><category term="0" scheme="row" label=""/><category term="0" scheme="level" label=""/><category term="111111111111111111111111" scheme="securitypolicy" label=""/><category term="000000000000000000000000" scheme="customsecuritypolicy" label=""/><link href="http://jptyotagcmp001.onetakeda.com:8080/api/tesPRDjp/SystemValue.get/16" rel="alternate" type="text/html" title="16" length="0"/><source>com.tidalsoft.webclient.tes.dsp.api.model.SystemValueView</source><modified>1976-07-04T00:00:00+09:00</modified><tes:systemvalue xmlns:tes="http://www.tidalsoftware.com/client/tesservlet"><tes:id>16</tes:id><tes:strvalue>Company Name</tes:strvalue><tes:lastchangetime>1976-07-04T00:00:00+0900</tes:lastchangetime></tes:systemvalue></entry><entry><id>17</id><title>17</title><category term="0" scheme="row" label=""/><category term="0" scheme="level" label=""/><category term="111111111111111111111111" scheme="securitypolicy" label=""/><category term="000000000000000000000000" scheme="customsecuritypolicy" label=""/><link href="http://jptyotagcmp001.onetakeda.com:8080/api/tesPRDjp/SystemValue.get/17" rel="alternate" type="text/html" title="17" length="0"/><source>com.tidalsoft.webclient.tes.dsp.api.model.SystemValueView</source><modified>1976-07-04T00:00:00+09:00</modified><tes:systemvalue xmlns:tes="http://www.tidalsoftware.com/client/tesservlet"><tes:id>17</tes:id><tes:intvalue>7</tes:intvalue><tes:lastchangetime>1976-07-04T00:00:00+0900</tes:lastchangetime></tes:systemvalue></entry><entry><id>19</id><title>19</title><category term="0" scheme="row" label=""/><category term="0" scheme="level" label=""/><category term="111111111111111111111111" scheme="securitypolicy" label=""/><category term="000000000000000000000000" scheme="customsecuritypolicy" label=""/><link href="http://jptyotagcmp001.onetakeda.com:8080/api/tesPRDjp/SystemValue.get/19" rel="alternate" type="text/html" title="19" length="0"/><source>com.tidalsoft.webclient.tes.dsp.api.model.SystemValueView</source><modified>2019-01-30T01:58:29+09:00</modified><tes:systemvalue xmlns:tes="http://www.tidalsoftware.com/client/tesservlet"><tes:id>19</tes:id><tes:strvalue>smtprelay-americas.onetakeda.com</tes:strvalue><tes:lastchangetime>2019-01-30T01:58:29+0900</tes:lastchangetime></tes:systemvalue></entry><entry><id>20</id><title>20</title><category term="0" scheme="row" label=""/><category term="0" scheme="level" label=""/><category term="111111111111111111111111" scheme="securitypolicy" label=""/><category term="000000000000000000000000" scheme="customsecuritypolicy" label=""/><link href="http://jptyotagcmp001.onetakeda.com:8080/api/tesPRDjp/SystemValue.get/20" rel="alternate" type="text/html" title="20" length="0"/><source>com.tidalsoft.webclient.tes.dsp.api.model.SystemValueView</source><modified>2022-02-03T00:02:15+09:00</modified><tes:systemvalue xmlns:tes="http://www.tidalsoftware.com/client/tesservlet"><tes:id>20</tes:id><tes:timevalue>2022-02-03T00:02:15+0900</tes:timevalue><tes:lastchangetime>2022-02-03T00:02:15+0900</tes:lastchangetime></tes:systemvalue></entry><entry><id>21</id><title>21</title><category term="0" scheme="row" label=""/><category term="0" scheme="level" label=""/><category term="111111111111111111111111" scheme="securitypolicy" label=""/><category term="000000000000000000000000" scheme="customsecuritypolicy" label=""/><link href="http://jptyotagcmp001.onetakeda.com:8080/api/tesPRDjp/SystemValue.get/21" rel="alternate" type="text/html" title="21" length="0"/><source>com.tidalsoft.webclient.tes.dsp.api.model.SystemValueView</source><modified>2019-01-30T03:52:46+09:00</modified><tes:systemvalue xmlns:tes="http://www.tidalsoftware.com/client/tesservlet"><tes:id>21</tes:id><tes:strvalue>Y</tes:strvalue><tes:lastchangetime>2019-01-30T03:52:46+0900</tes:lastchangetime></tes:systemvalue></entry><entry><id>23</id><title>23</title><category term="0" scheme="row" label=""/><category term="0" scheme="level" label=""/><category term="111111111111111111111111" scheme="securitypolicy" label=""/><category term="000000000000000000000000" scheme="customsecuritypolicy" label=""/><link href="http://jptyotagcmp001.onetakeda.com:8080/api/tesPRDjp/SystemValue.get/23" rel="alternate" type="text/html" title="23" length="0"/><source>com.tidalsoft.webclient.tes.dsp.api.model.SystemValueView</source><modified>1976-07-04T00:00:00+09:00</modified><tes:systemvalue xmlns:tes="http://www.tidalsoftware.com/client/tesservlet"><tes:id>23</tes:id><tes:intvalue>50</tes:intvalue><tes:lastchangetime>1976-07-04T00:00:00+0900</tes:lastchangetime><tes:agenttype>6</tes:agenttype><tes:agentostype>1</tes:agentostype><tes:agentname>JPAWSVVAP001</tes:agentname></tes:systemvalue></entry><entry><id>24</id><title>24</title><category term="0" scheme="row" label=""/><category term="0" scheme="level" label=""/><category term="111111111111111111111111" scheme="securitypolicy" label=""/><category term="000000000000000000000000" scheme="customsecuritypolicy" label=""/><link href="http://jptyotagcmp001.onetakeda.com:8080/api/tesPRDjp/SystemValue.get/24" rel="alternate" type="text/html" title="24" length="0"/><source>com.tidalsoft.webclient.tes.dsp.api.model.SystemValueView</source><modified>2019-01-30T01:56:25+09:00</modified><tes:systemvalue xmlns:tes="http://www.tidalsoftware.com/client/tesservlet"><tes:id>24</tes:id><tes:intvalue>4</tes:intvalue><tes:lastchangetime>2019-01-30T01:56:25+0900</tes:lastchangetime></tes:systemvalue></entry><entry><id>25</id><title>25</title><category term="0" scheme="row" label=""/><category term="0" scheme="level" label=""/><category term="111111111111111111111111" scheme="securitypolicy" label=""/><category term="000000000000000000000000" scheme="customsecuritypolicy" label=""/><link href="http://jptyotagcmp001.onetakeda.com:8080/api/tesPRDjp/SystemValue.get/25" rel="alternate" type="text/html" title="25" length="0"/><source>com.tidalsoft.webclient.tes.dsp.api.model.SystemValueView</source><modified>2019-01-30T01:56:25+09:00</modified><tes:systemvalue xmlns:tes="http://www.tidalsoftware.com/client/tesservlet"><tes:id>25</tes:id><tes:intvalue>90</tes:intvalue><tes:lastchangetime>2019-01-30T01:56:25+0900</tes:lastchangetime></tes:systemvalue></entry><entry><id>26</id><title>26</title><category term="0" scheme="row" label=""/><category term="0" scheme="level" label=""/><category term="111111111111111111111111" scheme="securitypolicy" label=""/><category term="000000000000000000000000" scheme="customsecuritypolicy" label=""/><link href="http://jptyotagcmp001.onetakeda.com:8080/api/tesPRDjp/SystemValue.get/26" rel="alternate" type="text/html" title="26" length="0"/><source>com.tidalsoft.webclient.tes.dsp.api.model.SystemValueView</source><modified>1976-07-04T00:00:00+09:00</modified><tes:systemvalue xmlns:tes="http://www.tidalsoftware.com/client/tesservlet"><tes:id>26</tes:id><tes:strvalue>Y</tes:strvalue><tes:lastchangetime>1976-07-04T00:00:00+0900</tes:lastchangetime></tes:systemvalue></entry><entry><id>27</id><title>27</title><category term="0" scheme="row" label=""/><category term="0" scheme="level" label=""/><category term="111111111111111111111111" scheme="securitypolicy" label=""/><category term="000000000000000000000000" scheme="customsecuritypolicy" label=""/><link href="http://jptyotagcmp001.onetakeda.com:8080/api/tesPRDjp/SystemValue.get/27" rel="alternate" type="text/html" title="27" length="0"/><source>com.tidalsoft.webclient.tes.dsp.api.model.SystemValueView</source><modified>2019-01-30T01:56:25+09:00</modified><tes:systemvalue xmlns:tes="http://www.tidalsoftware.com/client/tesservlet"><tes:id>27</tes:id><tes:strvalue>N</tes:strvalue><tes:lastchangetime>2019-01-30T01:56:25+0900</tes:lastchangetime></tes:systemvalue></entry><entry><id>28</id><title>28</title><category term="0" scheme="row" label=""/><category term="0" scheme="level" label=""/><category term="111111111111111111111111" scheme="securitypolicy" label=""/><category term="000000000000000000000000" scheme="customsecuritypolicy" label=""/><link href="http://jptyotagcmp001.onetakeda.com:8080/api/tesPRDjp/SystemValue.get/28" rel="alternate" type="text/html" title="28" length="0"/><source>com.tidalsoft.webclient.tes.dsp.api.model.SystemValueView</source><modified>2019-01-30T01:56:25+09:00</modified><tes:systemvalue xmlns:tes="http://www.tidalsoftware.com/client/tesservlet"><tes:id>28</tes:id><tes:intvalue>0</tes:intvalue><tes:lastchangetime>2019-01-30T01:56:25+0900</tes:lastchangetime></tes:systemvalue></entry><entry><id>31</id><title>31</title><category term="0" scheme="row" label=""/><category term="0" scheme="level" label=""/><category term="111111111111111111111111" scheme="securitypolicy" label=""/><category term="000000000000000000000000" scheme="customsecuritypolicy" label=""/><link href="http://jptyotagcmp001.onetakeda.com:8080/api/tesPRDjp/SystemValue.get/31" rel="alternate" type="text/html" title="31" length="0"/><source>com.tidalsoft.webclient.tes.dsp.api.model.SystemValueView</source><modified>2019-01-30T01:55:22+09:00</modified><tes:systemvalue xmlns:tes="http://www.tidalsoftware.com/client/tesservlet"><tes:id>31</tes:id><tes:strvalue>000001002003005007008010011049</tes:strvalue><tes:lastchangetime>2019-01-30T01:55:22+0900</tes:lastchangetime></tes:systemvalue></entry><entry><id>32</id><title>32</title><category term="0" scheme="row" label=""/><category term="0" scheme="level" label=""/><category term="111111111111111111111111" scheme="securitypolicy" label=""/><category term="000000000000000000000000" scheme="customsecuritypolicy" label=""/><link href="http://jptyotagcmp001.onetakeda.com:8080/api/tesPRDjp/SystemValue.get/32" rel="alternate" type="text/html" title="32" length="0"/><source>com.tidalsoft.webclient.tes.dsp.api.model.SystemValueView</source><modified>2021-11-30T02:14:21+09:00</modified><tes:systemvalue xmlns:tes="http://www.tidalsoftware.com/client/tesservlet"><tes:id>32</tes:id><tes:strvalue>050051054052053066097098099101</tes:strvalue><tes:lastchangetime>2021-11-30T02:14:21+0900</tes:lastchangetime></tes:systemvalue></entry><entry><id>33</id><title>33</title><category term="0" scheme="row" label=""/><category term="0" scheme="level" label=""/><category term="111111111111111111111111" scheme="securitypolicy" label=""/><category term="000000000000000000000000" scheme="customsecuritypolicy" label=""/><link href="http://jptyotagcmp001.onetakeda.com:8080/api/tesPRDjp/SystemValue.get/33" rel="alternate" type="text/html" title="33" length="0"/><source>com.tidalsoft.webclient.tes.dsp.api.model.SystemValueView</source><modified>2021-11-30T02:14:21+09:00</modified><tes:systemvalue xmlns:tes="http://www.tidalsoftware.com/client/tesservlet"><tes:id>33</tes:id><tes:strvalue>103104105106107108109012112009</tes:strvalue><tes:lastchangetime>2021-11-30T02:14:21+0900</tes:lastchangetime></tes:systemvalue></entry><entry><id>34</id><title>34</title><category term="0" scheme="row" label=""/><category term="0" scheme="level" label=""/><category term="111111111111111111111111" scheme="securitypolicy" label=""/><category term="000000000000000000000000" scheme="customsecuritypolicy" label=""/><link href="http://jptyotagcmp001.onetakeda.com:8080/api/tesPRDjp/SystemValue.get/34" rel="alternate" type="text/html" title="34" length="0"/><source>com.tidalsoft.webclient.tes.dsp.api.model.SystemValueView</source><modified>2019-01-30T01:56:25+09:00</modified><tes:systemvalue xmlns:tes="http://www.tidalsoftware.com/client/tesservlet"><tes:id>34</tes:id><tes:strvalue>Y</tes:strvalue><tes:lastchangetime>2019-01-30T01:56:25+0900</tes:lastchangetime></tes:systemvalue></entry><entry><id>36</id><title>36</title><category term="0" scheme="row" label=""/><category term="0" scheme="level" label=""/><category term="111111111111111111111111" scheme="securitypolicy" label=""/><category term="000000000000000000000000" scheme="customsecuritypolicy" label=""/><link href="http://jptyotagcmp001.onetakeda.com:8080/api/tesPRDjp/SystemValue.get/36" rel="alternate" type="text/html" title="36" length="0"/><source>com.tidalsoft.webclient.tes.dsp.api.model.SystemValueView</source><modified>2019-01-30T01:55:22+09:00</modified><tes:systemvalue xmlns:tes="http://www.tidalsoftware.com/client/tesservlet"><tes:id>36</tes:id><tes:lastchangetime>2019-01-30T01:55:22+0900</tes:lastchangetime></tes:systemvalue></entry><entry><id>37</id><title>37</title><category term="0" scheme="row" label=""/><category term="0" scheme="level" label=""/><category term="111111111111111111111111" scheme="securitypolicy" label=""/><category term="000000000000000000000000" scheme="customsecuritypolicy" label=""/><link href="http://jptyotagcmp001.onetakeda.com:8080/api/tesPRDjp/SystemValue.get/37" rel="alternate" type="text/html" title="37" length="0"/><source>com.tidalsoft.webclient.tes.dsp.api.model.SystemValueView</source><modified>2019-01-30T01:55:22+09:00</modified><tes:systemvalue xmlns:tes="http://www.tidalsoftware.com/client/tesservlet"><tes:id>37</tes:id><tes:lastchangetime>2019-01-30T01:55:22+0900</tes:lastchangetime></tes:systemvalue></entry><entry><id>38</id><title>38</title><category term="0" scheme="row" label=""/><category term="0" scheme="level" label=""/><category term="111111111111111111111111" scheme="securitypolicy" label=""/><category term="000000000000000000000000" scheme="customsecuritypolicy" label=""/><link href="http://jptyotagcmp001.onetakeda.com:8080/api/tesPRDjp/SystemValue.get/38" rel="alternate" type="text/html" title="38" length="0"/><source>com.tidalsoft.webclient.tes.dsp.api.model.SystemValueView</source><modified>2019-03-28T21:11:43+09:00</modified><tes:systemvalue xmlns:tes="http://www.tidalsoftware.com/client/tesservlet"><tes:id>38</tes:id><tes:intvalue>1</tes:intvalue><tes:lastchangetime>2019-03-28T21:11:43+0900</tes:lastchangetime><tes:agenttype>1</tes:agenttype><tes:agentostype>1</tes:agentostype><tes:agentname>AAA_PRIMARY_MASTER</tes:agentname></tes:systemvalue></entry><entry><id>39</id><title>39</title><category term="0" scheme="row" label=""/><category term="0" scheme="level" label=""/><category term="111111111111111111111111" scheme="securitypolicy" label=""/><category term="000000000000000000000000" scheme="customsecuritypolicy" label=""/><link href="http://jptyotagcmp001.onetakeda.com:8080/api/tesPRDjp/SystemValue.get/39" rel="alternate" type="text/html" title="39" length="0"/><source>com.tidalsoft.webclient.tes.dsp.api.model.SystemValueView</source><modified>2019-01-30T01:55:22+09:00</modified><tes:systemvalue xmlns:tes="http://www.tidalsoftware.com/client/tesservlet"><tes:id>39</tes:id><tes:strvalue>Y</tes:strvalue><tes:lastchangetime>2019-01-30T01:55:22+0900</tes:lastchangetime></tes:systemvalue></entry><entry><id>40</id><title>40</title><category term="0" scheme="row" label=""/><category term="0" scheme="level" label=""/><category term="111111111111111111111111" scheme="securitypolicy" label=""/><category term="000000000000000000000000" scheme="customsecuritypolicy" label=""/><link href="http://jptyotagcmp001.onetakeda.com:8080/api/tesPRDjp/SystemValue.get/40" rel="alternate" type="text/html" title="40" length="0"/><source>com.tidalsoft.webclient.tes.dsp.api.model.SystemValueView</source><modified>2022-02-03T00:02:15+09:00</modified><tes:systemvalue xmlns:tes="http://www.tidalsoftware.com/client/tesservlet"><tes:id>40</tes:id><tes:timevalue>2022-05-14T00:02:15+0900</tes:timevalue><tes:lastchangetime>2022-02-03T00:02:15+0900</tes:lastchangetime></tes:systemvalue></entry><entry><id>41</id><title>41</title><category term="0" scheme="row" label=""/><category term="0" scheme="level" label=""/><category term="111111111111111111111111" scheme="securitypolicy" label=""/><category term="000000000000000000000000" scheme="customsecuritypolicy" label=""/><link href="http://jptyotagcmp001.onetakeda.com:8080/api/tesPRDjp/SystemValue.get/41" rel="alternate" type="text/html" title="41" length="0"/><source>com.tidalsoft.webclient.tes.dsp.api.model.SystemValueView</source><modified>2019-03-28T21:11:43+09:00</modified><tes:systemvalue xmlns:tes="http://www.tidalsoftware.com/client/tesservlet"><tes:id>41</tes:id><tes:strvalue>Y</tes:strvalue><tes:lastchangetime>2019-03-28T21:11:43+0900</tes:lastchangetime></tes:systemvalue></entry><entry><id>42</id><title>42</title><category term="0" scheme="row" label=""/><category term="0" scheme="level" label=""/><category term="111111111111111111111111" scheme="securitypolicy" label=""/><category term="000000000000000000000000" scheme="customsecuritypolicy" label=""/><link href="http://jptyotagcmp001.onetakeda.com:8080/api/tesPRDjp/SystemValue.get/42" rel="alternate" type="text/html" title="42" length="0"/><source>com.tidalsoft.webclient.tes.dsp.api.model.SystemValueView</source><modified>2019-01-30T01:55:22+09:00</modified><tes:systemvalue xmlns:tes="http://www.tidalsoftware.com/client/tesservlet"><tes:id>42</tes:id><tes:strvalue>N</tes:strvalue><tes:lastchangetime>2019-01-30T01:55:22+0900</tes:lastchangetime></tes:systemvalue></entry><entry><id>43</id><title>43</title><category term="0" scheme="row" label=""/><category term="0" scheme="level" label=""/><category term="111111111111111111111111" scheme="securitypolicy" label=""/><category term="000000000000000000000000" scheme="customsecuritypolicy" label=""/><link href="http://jptyotagcmp001.onetakeda.com:8080/api/tesPRDjp/SystemValue.get/43" rel="alternate" type="text/html" title="43" length="0"/><source>com.tidalsoft.webclient.tes.dsp.api.model.SystemValueView</source><modified>2019-01-30T01:01:54+09:00</modified><tes:systemvalue xmlns:tes="http://www.tidalsoftware.com/client/tesservlet"><tes:id>43</tes:id><tes:strvalue>N</tes:strvalue><tes:lastchangetime>2019-01-30T01:01:54+0900</tes:lastchangetime></tes:systemvalue></entry><entry><id>48</id><title>48</title><category term="0" scheme="row" label=""/><category term="0" scheme="level" label=""/><category term="111111111111111111111111" scheme="securitypolicy" label=""/><category term="000000000000000000000000" scheme="customsecuritypolicy" label=""/><link href="http://jptyotagcmp001.onetakeda.com:8080/api/tesPRDjp/SystemValue.get/48" rel="alternate" type="text/html" title="48" length="0"/><source>com.tidalsoft.webclient.tes.dsp.api.model.SystemValueView</source><modified>2019-03-28T21:11:43+09:00</modified><tes:systemvalue xmlns:tes="http://www.tidalsoftware.com/client/tesservlet"><tes:id>48</tes:id><tes:strvalue>N</tes:strvalue><tes:lastchangetime>2019-03-28T21:11:43+0900</tes:lastchangetime></tes:systemvalue></entry><entry><id>49</id><title>49</title><category term="0" scheme="row" label=""/><category term="0" scheme="level" label=""/><category term="111111111111111111111111" scheme="securitypolicy" label=""/><category term="000000000000000000000000" scheme="customsecuritypolicy" label=""/><link href="http://jptyotagcmp001.onetakeda.com:8080/api/tesPRDjp/SystemValue.get/49" rel="alternate" type="text/html" title="49" length="0"/><source>com.tidalsoft.webclient.tes.dsp.api.model.SystemValueView</source><modified>2019-01-30T01:01:54+09:00</modified><tes:systemvalue xmlns:tes="http://www.tidalsoftware.com/client/tesservlet"><tes:id>49</tes:id><tes:strvalue>N</tes:strvalue><tes:lastchangetime>2019-01-30T01:01:54+0900</tes:lastchangetime></tes:systemvalue></entry><entry><id>56</id><title>56</title><category term="0" scheme="row" label=""/><category term="0" scheme="level" label=""/><category term="111111111111111111111111" scheme="securitypolicy" label=""/><category term="000000000000000000000000" scheme="customsecuritypolicy" label=""/><link href="http://jptyotagcmp001.onetakeda.com:8080/api/tesPRDjp/SystemValue.get/56" rel="alternate" type="text/html" title="56" length="0"/><source>com.tidalsoft.webclient.tes.dsp.api.model.SystemValueView</source><modified>2019-03-28T21:11:43+09:00</modified><tes:systemvalue xmlns:tes="http://www.tidalsoftware.com/client/tesservlet"><tes:id>56</tes:id><tes:strvalue>,</tes:strvalue><tes:lastchangetime>2019-03-28T21:11:43+0900</tes:lastchangetime></tes:systemvalue></entry><entry><id>58</id><title>58</title><category term="0" scheme="row" label=""/><category term="0" scheme="level" label=""/><category term="111111111111111111111111" scheme="securitypolicy" label=""/><category term="000000000000000000000000" scheme="customsecuritypolicy" label=""/><link href="http://jptyotagcmp001.onetakeda.com:8080/api/tesPRDjp/SystemValue.get/58" rel="alternate" type="text/html" title="58" length="0"/><source>com.tidalsoft.webclient.tes.dsp.api.model.SystemValueView</source><modified>2019-03-28T21:11:43+09:00</modified><tes:systemvalue xmlns:tes="http://www.tidalsoftware.com/client/tesservlet"><tes:id>58</tes:id><tes:strvalue>N</tes:strvalue><tes:lastchangetime>2019-03-28T21:11:43+0900</tes:lastchangetime></tes:systemvalue></entry><entry><id>59</id><title>59</title><category term="0" scheme="row" label=""/><category term="0" scheme="level" label=""/><category term="111111111111111111111111" scheme="securitypolicy" label=""/><category term="000000000000000000000000" scheme="customsecuritypolicy" label=""/><link href="http://jptyotagcmp001.onetakeda.com:8080/api/tesPRDjp/SystemValue.get/59" rel="alternate" type="text/html" title="59" length="0"/><source>com.tidalsoft.webclient.tes.dsp.api.model.SystemValueView</source><modified>2019-03-28T21:11:43+09:00</modified><tes:systemvalue xmlns:tes="http://www.tidalsoftware.com/client/tesservlet"><tes:id>59</tes:id><tes:strvalue>N</tes:strvalue><tes:lastchangetime>2019-03-28T21:11:43+0900</tes:lastchangetime></tes:systemvalue></entry><entry><id>63</id><title>63</title><category term="0" scheme="row" label=""/><category term="0" scheme="level" label=""/><category term="111111111111111111111111" scheme="securitypolicy" label=""/><category term="000000000000000000000000" scheme="customsecuritypolicy" label=""/><link href="http://jptyotagcmp001.onetakeda.com:8080/api/tesPRDjp/SystemValue.get/63" rel="alternate" type="text/html" title="63" length="0"/><source>com.tidalsoft.webclient.tes.dsp.api.model.SystemValueView</source><modified>2019-01-30T01:01:01+09:00</modified><tes:systemvalue xmlns:tes="http://www.tidalsoftware.com/client/tesservlet"><tes:id>63</tes:id><tes:intvalue>31</tes:intvalue><tes:lastchangetime>2019-01-30T01:01:01+0900</tes:lastchangetime></tes:systemvalue></entry><entry><id>70</id><title>70</title><category term="0" scheme="row" label=""/><category term="0" scheme="level" label=""/><category term="111111111111111111111111" scheme="securitypolicy" label=""/><category term="000000000000000000000000" scheme="customsecuritypolicy" label=""/><link href="http://jptyotagcmp001.onetakeda.com:8080/api/tesPRDjp/SystemValue.get/70" rel="alternate" type="text/html" title="70" length="0"/><source>com.tidalsoft.webclient.tes.dsp.api.model.SystemValueView</source><modified>2019-01-30T01:55:22+09:00</modified><tes:systemvalue xmlns:tes="http://www.tidalsoftware.com/client/tesservlet"><tes:id>70</tes:id><tes:intvalue>4</tes:intvalue><tes:lastchangetime>2019-01-30T01:55:22+0900</tes:lastchangetime></tes:systemvalue></entry><entry><id>72</id><title>72</title><category term="0" scheme="row" label=""/><category term="0" scheme="level" label=""/><category term="111111111111111111111111" scheme="securitypolicy" label=""/><category term="000000000000000000000000" scheme="customsecuritypolicy" label=""/><link href="http://jptyotagcmp001.onetakeda.com:8080/api/tesPRDjp/SystemValue.get/72" rel="alternate" type="text/html" title="72" length="0"/><source>com.tidalsoft.webclient.tes.dsp.api.model.SystemValueView</source><modified>1976-07-04T00:00:00+09:00</modified><tes:systemvalue xmlns:tes="http://www.tidalsoftware.com/client/tesservlet"><tes:id>72</tes:id><tes:strvalue>Y</tes:strvalue><tes:lastchangetime>1976-07-04T00:00:00+0900</tes:lastchangetime></tes:systemvalue></entry><entry><id>76</id><title>76</title><category term="0" scheme="row" label=""/><category term="0" scheme="level" label=""/><category term="111111111111111111111111" scheme="securitypolicy" label=""/><category term="000000000000000000000000" scheme="customsecuritypolicy" label=""/><link href="http://jptyotagcmp001.onetakeda.com:8080/api/tesPRDjp/SystemValue.get/76" rel="alternate" type="text/html" title="76" length="0"/><source>com.tidalsoft.webclient.tes.dsp.api.model.SystemValueView</source><modified>2019-03-28T21:11:43+09:00</modified><tes:systemvalue xmlns:tes="http://www.tidalsoftware.com/client/tesservlet"><tes:id>76</tes:id><tes:strvalue>Y</tes:strvalue><tes:lastchangetime>2019-03-28T21:11:43+0900</tes:lastchangetime></tes:systemvalue></entry><entry><id>78</id><title>78</title><category term="0" scheme="row" label=""/><category term="0" scheme="level" label=""/><category term="111111111111111111111111" scheme="securitypolicy" label=""/><category term="000000000000000000000000" scheme="customsecuritypolicy" label=""/><link href="http://jptyotagcmp001.onetakeda.com:8080/api/tesPRDjp/SystemValue.get/78" rel="alternate" type="text/html" title="78" length="0"/><source>com.tidalsoft.webclient.tes.dsp.api.model.SystemValueView</source><modified>2019-03-28T21:11:43+09:00</modified><tes:systemvalue xmlns:tes="http://www.tidalsoftware.com/client/tesservlet"><tes:id>78</tes:id><tes:strvalue>N</tes:strvalue><tes:lastchangetime>2019-03-28T21:11:43+0900</tes:lastchangetime></tes:systemvalue></entry><entry><id>79</id><title>79</title><category term="0" scheme="row" label=""/><category term="0" scheme="level" label=""/><category term="111111111111111111111111" scheme="securitypolicy" label=""/><category term="000000000000000000000000" scheme="customsecuritypolicy" label=""/><link href="http://jptyotagcmp001.onetakeda.com:8080/api/tesPRDjp/SystemValue.get/79" rel="alternate" type="text/html" title="79" length="0"/><source>com.tidalsoft.webclient.tes.dsp.api.model.SystemValueView</source><modified>2019-01-30T01:56:25+09:00</modified><tes:systemvalue xmlns:tes="http://www.tidalsoftware.com/client/tesservlet"><tes:id>79</tes:id><tes:intvalue>1</tes:intvalue><tes:lastchangetime>2019-01-30T01:56:25+0900</tes:lastchangetime><tes:agenttype>1</tes:agenttype><tes:agentostype>1</tes:agentostype><tes:agentname>AAA_PRIMARY_MASTER</tes:agentname></tes:systemvalue></entry><entry><id>80</id><title>80</title><category term="0" scheme="row" label=""/><category term="0" scheme="level" label=""/><category term="111111111111111111111111" scheme="securitypolicy" label=""/><category term="000000000000000000000000" scheme="customsecuritypolicy" label=""/><link href="http://jptyotagcmp001.onetakeda.com:8080/api/tesPRDjp/SystemValue.get/80" rel="alternate" type="text/html" title="80" length="0"/><source>com.tidalsoft.webclient.tes.dsp.api.model.SystemValueView</source><modified>2022-02-28T13:23:54+09:00</modified><tes:systemvalue xmlns:tes="http://www.tidalsoftware.com/client/tesservlet"><tes:id>80</tes:id><tes:strvalue>NYNNNNNNN0NYN</tes:strvalue><tes:lastchangetime>2022-02-28T13:23:54+0900</tes:lastchangetime></tes:systemvalue></entry><entry><id>84</id><title>84</title><category term="0" scheme="row" label=""/><category term="0" scheme="level" label=""/><category term="111111111111111111111111" scheme="securitypolicy" label=""/><category term="000000000000000000000000" scheme="customsecuritypolicy" label=""/><link href="http://jptyotagcmp001.onetakeda.com:8080/api/tesPRDjp/SystemValue.get/84" rel="alternate" type="text/html" title="84" length="0"/><source>com.tidalsoft.webclient.tes.dsp.api.model.SystemValueView</source><modified>2022-03-16T00:00:04+09:00</modified><tes:systemvalue xmlns:tes="http://www.tidalsoftware.com/client/tesservlet"><tes:id>84</tes:id><tes:timevalue>2022-03-16T00:00:00+0900</tes:timevalue><tes:lastchangetime>2022-03-16T00:00:04+0900</tes:lastchangetime></tes:systemvalue></entry><entry><id>89</id><title>89</title><category term="0" scheme="row" label=""/><category term="0" scheme="level" label=""/><category term="111111111111111111111111" scheme="securitypolicy" label=""/><category term="000000000000000000000000" scheme="customsecuritypolicy" label=""/><link href="http://jptyotagcmp001.onetakeda.com:8080/api/tesPRDjp/SystemValue.get/89" rel="alternate" type="text/html" title="89" length="0"/><source>com.tidalsoft.webclient.tes.dsp.api.model.SystemValueView</source><modified>2019-03-28T21:11:43+09:00</modified><tes:systemvalue xmlns:tes="http://www.tidalsoftware.com/client/tesservlet"><tes:id>89</tes:id><tes:intvalue>30</tes:intvalue><tes:lastchangetime>2019-03-28T21:11:43+0900</tes:lastchangetime></tes:systemvalue></entry><entry><id>90</id><title>90</title><category term="0" scheme="row" label=""/><category term="0" scheme="level" label=""/><category term="111111111111111111111111" scheme="securitypolicy" label=""/><category term="000000000000000000000000" scheme="customsecuritypolicy" label=""/><link href="http://jptyotagcmp001.onetakeda.com:8080/api/tesPRDjp/SystemValue.get/90" rel="alternate" type="text/html" title="90" length="0"/><source>com.tidalsoft.webclient.tes.dsp.api.model.SystemValueView</source><modified>2019-01-30T02:02:39+09:00</modified><tes:systemvalue xmlns:tes="http://www.tidalsoftware.com/client/tesservlet"><tes:id>90</tes:id><tes:intvalue>150</tes:intvalue><tes:lastchangetime>2019-01-30T02:02:39+0900</tes:lastchangetime></tes:systemvalue></entry><entry><id>91</id><title>91</title><category term="0" scheme="row" label=""/><category term="0" scheme="level" label=""/><category term="111111111111111111111111" scheme="securitypolicy" label=""/><category term="000000000000000000000000" scheme="customsecuritypolicy" label=""/><link href="http://jptyotagcmp001.onetakeda.com:8080/api/tesPRDjp/SystemValue.get/91" rel="alternate" type="text/html" title="91" length="0"/><source>com.tidalsoft.webclient.tes.dsp.api.model.SystemValueView</source><modified>2019-01-30T01:56:25+09:00</modified><tes:systemvalue xmlns:tes="http://www.tidalsoftware.com/client/tesservlet"><tes:id>91</tes:id><tes:strvalue>Y</tes:strvalue><tes:lastchangetime>2019-01-30T01:56:25+0900</tes:lastchangetime></tes:systemvalue></entry><entry><id>92</id><title>92</title><category term="0" scheme="row" label=""/><category term="0" scheme="level" label=""/><category term="111111111111111111111111" scheme="securitypolicy" label=""/><category term="000000000000000000000000" scheme="customsecuritypolicy" label=""/><link href="http://jptyotagcmp001.onetakeda.com:8080/api/tesPRDjp/SystemValue.get/92" rel="alternate" type="text/html" title="92" length="0"/><source>com.tidalsoft.webclient.tes.dsp.api.model.SystemValueView</source><modified>2019-03-28T21:11:43+09:00</modified><tes:systemvalue xmlns:tes="http://www.tidalsoftware.com/client/tesservlet"><tes:id>92</tes:id><tes:strvalue>N</tes:strvalue><tes:lastchangetime>2019-03-28T21:11:43+0900</tes:lastchangetime></tes:systemvalue></entry><entry><id>93</id><title>93</title><category term="0" scheme="row" label=""/><category term="0" scheme="level" label=""/><category term="111111111111111111111111" scheme="securitypolicy" label=""/><category term="000000000000000000000000" scheme="customsecuritypolicy" label=""/><link href="http://jptyotagcmp001.onetakeda.com:8080/api/tesPRDjp/SystemValue.get/93" rel="alternate" type="text/html" title="93" length="0"/><source>com.tidalsoft.webclient.tes.dsp.api.model.SystemValueView</source><modified>2019-03-28T21:11:43+09:00</modified><tes:systemvalue xmlns:tes="http://www.tidalsoftware.com/client/tesservlet"><tes:id>93</tes:id><tes:strvalue>Y</tes:strvalue><tes:lastchangetime>2019-03-28T21:11:43+0900</tes:lastchangetime></tes:systemvalue></entry><entry><id>94</id><title>94</title><category term="0" scheme="row" label=""/><category term="0" scheme="level" label=""/><category term="111111111111111111111111" scheme="securitypolicy" label=""/><category term="000000000000000000000000" scheme="customsecuritypolicy" label=""/><link href="http://jptyotagcmp001.onetakeda.com:8080/api/tesPRDjp/SystemValue.get/94" rel="alternate" type="text/html" title="94" length="0"/><source>com.tidalsoft.webclient.tes.dsp.api.model.SystemValueView</source><modified>2019-03-28T21:11:43+09:00</modified><tes:systemvalue xmlns:tes="http://www.tidalsoftware.com/client/tesservlet"><tes:id>94</tes:id><tes:intvalue>1</tes:intvalue><tes:lastchangetime>2019-03-28T21:11:43+0900</tes:lastchangetime><tes:agenttype>1</tes:agenttype><tes:agentostype>1</tes:agentostype><tes:agentname>AAA_PRIMARY_MASTER</tes:agentname></tes:systemvalue></entry><entry><id>95</id><title>95</title><category term="0" scheme="row" label=""/><category term="0" scheme="level" label=""/><category term="111111111111111111111111" scheme="securitypolicy" label=""/><category term="000000000000000000000000" scheme="customsecuritypolicy" label=""/><link href="http://jptyotagcmp001.onetakeda.com:8080/api/tesPRDjp/SystemValue.get/95" rel="alternate" type="text/html" title="95" length="0"/><source>com.tidalsoft.webclient.tes.dsp.api.model.SystemValueView</source><modified>2019-03-28T21:11:43+09:00</modified><tes:systemvalue xmlns:tes="http://www.tidalsoftware.com/client/tesservlet"><tes:id>95</tes:id><tes:intvalue>3</tes:intvalue><tes:lastchangetime>2019-03-28T21:11:43+0900</tes:lastchangetime><tes:agenttype>6</tes:agenttype><tes:agentostype>2</tes:agentostype><tes:agentname>SFPAC99</tes:agentname></tes:systemvalue></entry><entry><id>96</id><title>96</title><category term="0" scheme="row" label=""/><category term="0" scheme="level" label=""/><category term="111111111111111111111111" scheme="securitypolicy" label=""/><category term="000000000000000000000000" scheme="customsecuritypolicy" label=""/><link href="http://jptyotagcmp001.onetakeda.com:8080/api/tesPRDjp/SystemValue.get/96" rel="alternate" type="text/html" title="96" length="0"/><source>com.tidalsoft.webclient.tes.dsp.api.model.SystemValueView</source><modified>2019-03-28T21:11:43+09:00</modified><tes:systemvalue xmlns:tes="http://www.tidalsoftware.com/client/tesservlet"><tes:id>96</tes:id><tes:strvalue>N</tes:strvalue><tes:lastchangetime>2019-03-28T21:11:43+0900</tes:lastchangetime></tes:systemvalue></entry><entry><id>97</id><title>97</title><category term="0" scheme="row" label=""/><category term="0" scheme="level" label=""/><category term="111111111111111111111111" scheme="securitypolicy" label=""/><category term="000000000000000000000000" scheme="customsecuritypolicy" label=""/><link href="http://jptyotagcmp001.onetakeda.com:8080/api/tesPRDjp/SystemValue.get/97" rel="alternate" type="text/html" title="97" length="0"/><source>com.tidalsoft.webclient.tes.dsp.api.model.SystemValueView</source><modified>2019-03-28T21:11:43+09:00</modified><tes:systemvalue xmlns:tes="http://www.tidalsoftware.com/client/tesservlet"><tes:id>97</tes:id><tes:strvalue>N</tes:strvalue><tes:lastchangetime>2019-03-28T21:11:43+0900</tes:lastchangetime></tes:systemvalue></entry><entry><id>98</id><title>98</title><category term="0" scheme="row" label=""/><category term="0" scheme="level" label=""/><category term="111111111111111111111111" scheme="securitypolicy" label=""/><category term="000000000000000000000000" scheme="customsecuritypolicy" label=""/><link href="http://jptyotagcmp001.onetakeda.com:8080/api/tesPRDjp/SystemValue.get/98" rel="alternate" type="text/html" title="98" length="0"/><source>com.tidalsoft.webclient.tes.dsp.api.model.SystemValueView</source><modified>2019-03-28T21:11:43+09:00</modified><tes:systemvalue xmlns:tes="http://www.tidalsoftware.com/client/tesservlet"><tes:id>98</tes:id><tes:intvalue>4</tes:intvalue><tes:lastchangetime>2019-03-28T21:11:43+0900</tes:lastchangetime></tes:systemvalue></entry><entry><id>99</id><title>99</title><category term="0" scheme="row" label=""/><category term="0" scheme="level" label=""/><category term="111111111111111111111111" scheme="securitypolicy" label=""/><category term="000000000000000000000000" scheme="customsecuritypolicy" label=""/><link href="http://jptyotagcmp001.onetakeda.com:8080/api/tesPRDjp/SystemValue.get/99" rel="alternate" type="text/html" title="99" length="0"/><source>com.tidalsoft.webclient.tes.dsp.api.model.SystemValueView</source><modified>2021-09-02T16:09:52+09:00</modified><tes:systemvalue xmlns:tes="http://www.tidalsoftware.com/client/tesservlet"><tes:id>99</tes:id><tes:strvalue>N</tes:strvalue><tes:lastchangetime>2021-09-02T16:09:52+0900</tes:lastchangetime></tes:systemvalue></entry><entry><id>100</id><title>100</title><category term="0" scheme="row" label=""/><category term="0" scheme="level" label=""/><category term="111111111111111111111111" scheme="securitypolicy" label=""/><category term="000000000000000000000000" scheme="customsecuritypolicy" label=""/><link href="http://jptyotagcmp001.onetakeda.com:8080/api/tesPRDjp/SystemValue.get/100" rel="alternate" type="text/html" title="100" length="0"/><source>com.tidalsoft.webclient.tes.dsp.api.model.SystemValueView</source><modified>2021-09-02T16:09:52+09:00</modified><tes:systemvalue xmlns:tes="http://www.tidalsoftware.com/client/tesservlet"><tes:id>100</tes:id><tes:strvalue>N</tes:strvalue><tes:lastchangetime>2021-09-02T16:09:52+0900</tes:lastchangetime></tes:systemvalue></entry><entry><id>102</id><title>102</title><category term="0" scheme="row" label=""/><category term="0" scheme="level" label=""/><category term="111111111111111111111111" scheme="securitypolicy" label=""/><category term="000000000000000000000000" scheme="customsecuritypolicy" label=""/><link href="http://jptyotagcmp001.onetakeda.com:8080/api/tesPRDjp/SystemValue.get/102" rel="alternate" type="text/html" title="102" length="0"/><source>com.tidalsoft.webclient.tes.dsp.api.model.SystemValueView</source><modified>2019-01-30T01:01:54+09:00</modified><tes:systemvalue xmlns:tes="http://www.tidalsoftware.com/client/tesservlet"><tes:id>102</tes:id><tes:strvalue>Y</tes:strvalue><tes:lastchangetime>2019-01-30T01:01:54+0900</tes:lastchangetime></tes:systemvalue></entry><entry><id>105</id><title>105</title><category term="0" scheme="row" label=""/><category term="0" scheme="level" label=""/><category term="111111111111111111111111" scheme="securitypolicy" label=""/><category term="000000000000000000000000" scheme="customsecuritypolicy" label=""/><link href="http://jptyotagcmp001.onetakeda.com:8080/api/tesPRDjp/SystemValue.get/105" rel="alternate" type="text/html" title="105" length="0"/><source>com.tidalsoft.webclient.tes.dsp.api.model.SystemValueView</source><modified>2019-01-30T01:58:29+09:00</modified><tes:systemvalue xmlns:tes="http://www.tidalsoftware.com/client/tesservlet"><tes:id>105</tes:id><tes:intvalue>10000</tes:intvalue><tes:lastchangetime>2019-01-30T01:58:29+0900</tes:lastchangetime></tes:systemvalue></entry><entry><id>106</id><title>106</title><category term="0" scheme="row" label=""/><category term="0" scheme="level" label=""/><category term="111111111111111111111111" scheme="securitypolicy" label=""/><category term="000000000000000000000000" scheme="customsecuritypolicy" label=""/><link href="http://jptyotagcmp001.onetakeda.com:8080/api/tesPRDjp/SystemValue.get/106" rel="alternate" type="text/html" title="106" length="0"/><source>com.tidalsoft.webclient.tes.dsp.api.model.SystemValueView</source><modified>2019-03-28T21:11:43+09:00</modified><tes:systemvalue xmlns:tes="http://www.tidalsoftware.com/client/tesservlet"><tes:id>106</tes:id><tes:strvalue>N</tes:strvalue><tes:lastchangetime>2019-03-28T21:11:43+0900</tes:lastchangetime></tes:systemvalue></entry><entry><id>107</id><title>107</title><category term="0" scheme="row" label=""/><category term="0" scheme="level" label=""/><category term="111111111111111111111111" scheme="securitypolicy" label=""/><category term="000000000000000000000000" scheme="customsecuritypolicy" label=""/><link href="http://jptyotagcmp001.onetakeda.com:8080/api/tesPRDjp/SystemValue.get/107" rel="alternate" type="text/html" title="107" length="0"/><source>com.tidalsoft.webclient.tes.dsp.api.model.SystemValueView</source><modified>2019-03-28T21:11:43+09:00</modified><tes:systemvalue xmlns:tes="http://www.tidalsoftware.com/client/tesservlet"><tes:id>107</tes:id><tes:strvalue>Y</tes:strvalue><tes:lastchangetime>2019-03-28T21:11:43+0900</tes:lastchangetime></tes:systemvalue></entry><entry><id>110</id><title>110</title><category term="0" scheme="row" label=""/><category term="0" scheme="level" label=""/><category term="111111111111111111111111" scheme="securitypolicy" label=""/><category term="000000000000000000000000" scheme="customsecuritypolicy" label=""/><link href="http://jptyotagcmp001.onetakeda.com:8080/api/tesPRDjp/SystemValue.get/110" rel="alternate" type="text/html" title="110" length="0"/><source>com.tidalsoft.webclient.tes.dsp.api.model.SystemValueView</source><tes:systemvalue xmlns:tes="http://www.tidalsoftware.com/client/tesservlet"><tes:id>110</tes:id><tes:intvalue>30</tes:intvalue></tes:systemvalue></entry><entry><id>112</id><title>112</title><category term="0" scheme="row" label=""/><category term="0" scheme="level" label=""/><category term="111111111111111111111111" scheme="securitypolicy" label=""/><category term="000000000000000000000000" scheme="customsecuritypolicy" label=""/><link href="http://jptyotagcmp001.onetakeda.com:8080/api/tesPRDjp/SystemValue.get/112" rel="alternate" type="text/html" title="112" length="0"/><source>com.tidalsoft.webclient.tes.dsp.api.model.SystemValueView</source><modified>2019-01-30T01:01:54+09:00</modified><tes:systemvalue xmlns:tes="http://www.tidalsoftware.com/client/tesservlet"><tes:id>112</tes:id><tes:intvalue>100</tes:intvalue><tes:lastchangetime>2019-01-30T01:01:54+0900</tes:lastchangetime></tes:systemvalue></entry><entry><id>113</id><title>113</title><category term="0" scheme="row" label=""/><category term="0" scheme="level" label=""/><category term="111111111111111111111111" scheme="securitypolicy" label=""/><category term="000000000000000000000000" scheme="customsecuritypolicy" label=""/><link href="http://jptyotagcmp001.onetakeda.com:8080/api/tesPRDjp/SystemValue.get/113" rel="alternate" type="text/html" title="113" length="0"/><source>com.tidalsoft.webclient.tes.dsp.api.model.SystemValueView</source><modified>2019-03-28T21:11:43+09:00</modified><tes:systemvalue xmlns:tes="http://www.tidalsoftware.com/client/tesservlet"><tes:id>113</tes:id><tes:strvalue>N</tes:strvalue><tes:lastchangetime>2019-03-28T21:11:43+0900</tes:lastchangetime></tes:systemvalue></entry><entry><id>116</id><title>116</title><category term="0" scheme="row" label=""/><category term="0" scheme="level" label=""/><category term="111111111111111111111111" scheme="securitypolicy" label=""/><category term="000000000000000000000000" scheme="customsecuritypolicy" label=""/><link href="http://jptyotagcmp001.onetakeda.com:8080/api/tesPRDjp/SystemValue.get/116" rel="alternate" type="text/html" title="116" length="0"/><source>com.tidalsoft.webclient.tes.dsp.api.model.SystemValueView</source><modified>2022-02-27T01:14:58+09:00</modified><tes:systemvalue xmlns:tes="http://www.tidalsoftware.com/client/tesservlet"><tes:id>116</tes:id><tes:timevalue>2022-01-30T02:47:23+0900</tes:timevalue><tes:lastchangetime>2022-02-27T01:14:58+0900</tes:lastchangetime></tes:systemvalue></entry><entry><id>132</id><title>132</title><category term="0" scheme="row" label=""/><category term="0" scheme="level" label=""/><category term="111111111111111111111111" scheme="securitypolicy" label=""/><category term="000000000000000000000000" scheme="customsecuritypolicy" label=""/><link href="http://jptyotagcmp001.onetakeda.com:8080/api/tesPRDjp/SystemValue.get/132" rel="alternate" type="text/html" title="132" length="0"/><source>com.tidalsoft.webclient.tes.dsp.api.model.SystemValueView</source><modified>1976-07-04T00:00:00+09:00</modified><tes:systemvalue xmlns:tes="http://www.tidalsoftware.com/client/tesservlet"><tes:id>132</tes:id><tes:strvalue>Y</tes:strvalue><tes:lastchangetime>1976-07-04T00:00:00+0900</tes:lastchangetime></tes:systemvalue></entry><entry><id>133</id><title>133</title><category term="0" scheme="row" label=""/><category term="0" scheme="level" label=""/><category term="111111111111111111111111" scheme="securitypolicy" label=""/><category term="000000000000000000000000" scheme="customsecuritypolicy" label=""/><link href="http://jptyotagcmp001.onetakeda.com:8080/api/tesPRDjp/SystemValue.get/133" rel="alternate" type="text/html" title="133" length="0"/><source>com.tidalsoft.webclient.tes.dsp.api.model.SystemValueView</source><modified>2019-01-30T01:55:22+09:00</modified><tes:systemvalue xmlns:tes="http://www.tidalsoftware.com/client/tesservlet"><tes:id>133</tes:id><tes:strvalue>N</tes:strvalue><tes:lastchangetime>2019-01-30T01:55:22+0900</tes:lastchangetime></tes:systemvalue></entry><entry><id>136</id><title>136</title><category term="0" scheme="row" label=""/><category term="0" scheme="level" label=""/><category term="111111111111111111111111" scheme="securitypolicy" label=""/><category term="000000000000000000000000" scheme="customsecuritypolicy" label=""/><link href="http://jptyotagcmp001.onetakeda.com:8080/api/tesPRDjp/SystemValue.get/136" rel="alternate" type="text/html" title="136" length="0"/><source>com.tidalsoft.webclient.tes.dsp.api.model.SystemValueView</source><modified>2019-03-28T21:11:43+09:00</modified><tes:systemvalue xmlns:tes="http://www.tidalsoftware.com/client/tesservlet"><tes:id>136</tes:id><tes:strvalue>N</tes:strvalue><tes:lastchangetime>2019-03-28T21:11:43+0900</tes:lastchangetime></tes:systemvalue></entry><entry><id>137</id><title>137</title><category term="0" scheme="row" label=""/><category term="0" scheme="level" label=""/><category term="111111111111111111111111" scheme="securitypolicy" label=""/><category term="000000000000000000000000" scheme="customsecuritypolicy" label=""/><link href="http://jptyotagcmp001.onetakeda.com:8080/api/tesPRDjp/SystemValue.get/137" rel="alternate" type="text/html" title="137" length="0"/><source>com.tidalsoft.webclient.tes.dsp.api.model.SystemValueView</source><modified>2021-11-27T02:08:39+09:00</modified><tes:systemvalue xmlns:tes="http://www.tidalsoftware.com/client/tesservlet"><tes:id>137</tes:id><tes:strvalue>N</tes:strvalue><tes:intvalue>0</tes:intvalue><tes:lastchangetime>2021-11-27T02:08:39+0900</tes:lastchangetime></tes:systemvalue></entry><entry><id>138</id><title>138</title><category term="0" scheme="row" label=""/><category term="0" scheme="level" label=""/><category term="111111111111111111111111" scheme="securitypolicy" label=""/><category term="000000000000000000000000" scheme="customsecuritypolicy" label=""/><link href="http://jptyotagcmp001.onetakeda.com:8080/api/tesPRDjp/SystemValue.get/138" rel="alternate" type="text/html" title="138" length="0"/><source>com.tidalsoft.webclient.tes.dsp.api.model.SystemValueView</source><modified>2019-01-30T01:55:22+09:00</modified><tes:systemvalue xmlns:tes="http://www.tidalsoftware.com/client/tesservlet"><tes:id>138</tes:id><tes:strvalue>N</tes:strvalue><tes:lastchangetime>2019-01-30T01:55:22+0900</tes:lastchangetime></tes:systemvalue></entry><entry><id>139</id><title>139</title><category term="0" scheme="row" label=""/><category term="0" scheme="level" label=""/><category term="111111111111111111111111" scheme="securitypolicy" label=""/><category term="000000000000000000000000" scheme="customsecuritypolicy" label=""/><link href="http://jptyotagcmp001.onetakeda.com:8080/api/tesPRDjp/SystemValue.get/139" rel="alternate" type="text/html" title="139" length="0"/><source>com.tidalsoft.webclient.tes.dsp.api.model.SystemValueView</source><modified>2019-01-30T01:58:29+09:00</modified><tes:systemvalue xmlns:tes="http://www.tidalsoftware.com/client/tesservlet"><tes:id>139</tes:id><tes:intvalue>25</tes:intvalue><tes:lastchangetime>2019-01-30T01:58:29+0900</tes:lastchangetime></tes:systemvalue></entry><entry><id>140</id><title>140</title><category term="0" scheme="row" label=""/><category term="0" scheme="level" label=""/><category term="111111111111111111111111" scheme="securitypolicy" label=""/><category term="000000000000000000000000" scheme="customsecuritypolicy" label=""/><link href="http://jptyotagcmp001.onetakeda.com:8080/api/tesPRDjp/SystemValue.get/140" rel="alternate" type="text/html" title="140" length="0"/><source>com.tidalsoft.webclient.tes.dsp.api.model.SystemValueView</source><modified>2019-07-10T15:16:57+09:00</modified><tes:systemvalue xmlns:tes="http://www.tidalsoftware.com/client/tesservlet"><tes:id>140</tes:id><tes:lastchangetime>2019-07-10T15:16:57+0900</tes:lastchangetime></tes:systemvalue></entry><entry><id>141</id><title>141</title><category term="0" scheme="row" label=""/><category term="0" scheme="level" label=""/><category term="111111111111111111111111" scheme="securitypolicy" label=""/><category term="000000000000000000000000" scheme="customsecuritypolicy" label=""/><link href="http://jptyotagcmp001.onetakeda.com:8080/api/tesPRDjp/SystemValue.get/141" rel="alternate" type="text/html" title="141" length="0"/><source>com.tidalsoft.webclient.tes.dsp.api.model.SystemValueView</source><modified>2019-01-30T01:55:22+09:00</modified><tes:systemvalue xmlns:tes="http://www.tidalsoftware.com/client/tesservlet"><tes:id>141</tes:id><tes:strvalue>N</tes:strvalue><tes:lastchangetime>2019-01-30T01:55:22+0900</tes:lastchangetime></tes:systemvalue></entry><entry><id>142</id><title>142</title><category term="0" scheme="row" label=""/><category term="0" scheme="level" label=""/><category term="111111111111111111111111" scheme="securitypolicy" label=""/><category term="000000000000000000000000" scheme="customsecuritypolicy" label=""/><link href="http://jptyotagcmp001.onetakeda.com:8080/api/tesPRDjp/SystemValue.get/142" rel="alternate" type="text/html" title="142" length="0"/><source>com.tidalsoft.webclient.tes.dsp.api.model.SystemValueView</source><modified>2019-03-28T21:11:43+09:00</modified><tes:systemvalue xmlns:tes="http://www.tidalsoftware.com/client/tesservlet"><tes:id>142</tes:id><tes:strvalue/><tes:lastchangetime>2019-03-28T21:11:43+0900</tes:lastchangetime></tes:systemvalue></entry><entry><id>162</id><title>162</title><category term="0" scheme="row" label=""/><category term="0" scheme="level" label=""/><category term="111111111111111111111111" scheme="securitypolicy" label=""/><category term="000000000000000000000000" scheme="customsecuritypolicy" label=""/><link href="http://jptyotagcmp001.onetakeda.com:8080/api/tesPRDjp/SystemValue.get/162" rel="alternate" type="text/html" title="162" length="0"/><source>com.tidalsoft.webclient.tes.dsp.api.model.SystemValueView</source><modified>2019-03-28T21:11:43+09:00</modified><tes:systemvalue xmlns:tes="http://www.tidalsoftware.com/client/tesservlet"><tes:id>162</tes:id><tes:strvalue/><tes:lastchangetime>2019-03-28T21:11:43+0900</tes:lastchangetime></tes:systemvalue></entry><entry><id>166</id><title>166</title><category term="0" scheme="row" label=""/><category term="0" scheme="level" label=""/><category term="111111111111111111111111" scheme="securitypolicy" label=""/><category term="000000000000000000000000" scheme="customsecuritypolicy" label=""/><link href="http://jptyotagcmp001.onetakeda.com:8080/api/tesPRDjp/SystemValue.get/166" rel="alternate" type="text/html" title="166" length="0"/><source>com.tidalsoft.webclient.tes.dsp.api.model.SystemValueView</source><modified>2021-11-27T02:08:39+09:00</modified><tes:systemvalue xmlns:tes="http://www.tidalsoftware.com/client/tesservlet"><tes:id>166</tes:id><tes:strvalue>N</tes:strvalue><tes:lastchangetime>2021-11-27T02:08:39+0900</tes:lastchangetime></tes:systemvalue></entry><entry><id>167</id><title>167</title><category term="0" scheme="row" label=""/><category term="0" scheme="level" label=""/><category term="111111111111111111111111" scheme="securitypolicy" label=""/><category term="000000000000000000000000" scheme="customsecuritypolicy" label=""/><link href="http://jptyotagcmp001.onetakeda.com:8080/api/tesPRDjp/SystemValue.get/167" rel="alternate" type="text/html" title="167" length="0"/><source>com.tidalsoft.webclient.tes.dsp.api.model.SystemValueView</source><modified>2021-11-27T02:08:39+09:00</modified><tes:systemvalue xmlns:tes="http://www.tidalsoftware.com/client/tesservlet"><tes:id>167</tes:id><tes:strvalue>N</tes:strvalue><tes:lastchangetime>2021-11-27T02:08:39+0900</tes:lastchangetime></tes:systemvalue></entry><entry><id>168</id><title>168</title><category term="0" scheme="row" label=""/><category term="0" scheme="level" label=""/><category term="111111111111111111111111" scheme="securitypolicy" label=""/><category term="000000000000000000000000" scheme="customsecuritypolicy" label=""/><link href="http://jptyotagcmp001.onetakeda.com:8080/api/tesPRDjp/SystemValue.get/168" rel="alternate" type="text/html" title="168" length="0"/><source>com.tidalsoft.webclient.tes.dsp.api.model.SystemValueView</source><modified>2021-11-27T02:08:39+09:00</modified><tes:systemvalue xmlns:tes="http://www.tidalsoftware.com/client/tesservlet"><tes:id>168</tes:id><tes:intvalue>3</tes:intvalue><tes:lastchangetime>2021-11-27T02:08:39+0900</tes:lastchangetime><tes:agenttype>6</tes:agenttype><tes:agentostype>2</tes:agentostype><tes:agentname>SFPAC99</tes:agentname></tes:systemvalue></entry><entry><id>169</id><title>169</title><category term="0" scheme="row" label=""/><category term="0" scheme="level" label=""/><category term="111111111111111111111111" scheme="securitypolicy" label=""/><category term="000000000000000000000000" scheme="customsecuritypolicy" label=""/><link href="http://jptyotagcmp001.onetakeda.com:8080/api/tesPRDjp/SystemValue.get/169" rel="alternate" type="text/html" title="169" length="0"/><source>com.tidalsoft.webclient.tes.dsp.api.model.SystemValueView</source><modified>2021-11-27T02:08:39+09:00</modified><tes:systemvalue xmlns:tes="http://www.tidalsoftware.com/client/tesservlet"><tes:id>169</tes:id><tes:intvalue>10000</tes:intvalue><tes:lastchangetime>2021-11-27T02:08:39+0900</tes:lastchangetime></tes:systemvalue></entry><entry><id>170</id><title>170</title><category term="0" scheme="row" label=""/><category term="0" scheme="level" label=""/><category term="111111111111111111111111" scheme="securitypolicy" label=""/><category term="000000000000000000000000" scheme="customsecuritypolicy" label=""/><link href="http://jptyotagcmp001.onetakeda.com:8080/api/tesPRDjp/SystemValue.get/170" rel="alternate" type="text/html" title="170" length="0"/><source>com.tidalsoft.webclient.tes.dsp.api.model.SystemValueView</source><modified>2021-11-27T02:08:39+09:00</modified><tes:systemvalue xmlns:tes="http://www.tidalsoftware.com/client/tesservlet"><tes:id>170</tes:id><tes:intvalue>1</tes:intvalue><tes:lastchangetime>2021-11-27T02:08:39+0900</tes:lastchangetime><tes:agenttype>1</tes:agenttype><tes:agentostype>1</tes:agentostype><tes:agentname>AAA_PRIMARY_MASTER</tes:agentname></tes:systemvalue></entry><entry><id>171</id><title>171</title><category term="0" scheme="row" label=""/><category term="0" scheme="level" label=""/><category term="111111111111111111111111" scheme="securitypolicy" label=""/><category term="000000000000000000000000" scheme="customsecuritypolicy" label=""/><link href="http://jptyotagcmp001.onetakeda.com:8080/api/tesPRDjp/SystemValue.get/171" rel="alternate" type="text/html" title="171" length="0"/><source>com.tidalsoft.webclient.tes.dsp.api.model.SystemValueView</source><modified>2021-11-27T02:08:39+09:00</modified><tes:systemvalue xmlns:tes="http://www.tidalsoftware.com/client/tesservlet"><tes:id>171</tes:id><tes:intvalue>0</tes:intvalue><tes:lastchangetime>2021-11-27T02:08:39+0900</tes:lastchangetime></tes:systemvalue></entry><entry><id>177</id><title>177</title><category term="0" scheme="row" label=""/><category term="0" scheme="level" label=""/><category term="111111111111111111111111" scheme="securitypolicy" label=""/><category term="000000000000000000000000" scheme="customsecuritypolicy" label=""/><link href="http://jptyotagcmp001.onetakeda.com:8080/api/tesPRDjp/SystemValue.get/177" rel="alternate" type="text/html" title="177" length="0"/><source>com.tidalsoft.webclient.tes.dsp.api.model.SystemValueView</source><modified>2021-06-07T20:02:16+09:00</modified><tes:systemvalue xmlns:tes="http://www.tidalsoftware.com/client/tesservlet"><tes:id>177</tes:id><tes:strvalue>Y</tes:strvalue><tes:lastchangetime>2021-06-07T20:02:16+0900</tes:lastchangetime></tes:systemvalue></entry><entry><id>179</id><title>179</title><category term="0" scheme="row" label=""/><category term="0" scheme="level" label=""/><category term="111111111111111111111111" scheme="securitypolicy" label=""/><category term="000000000000000000000000" scheme="customsecuritypolicy" label=""/><link href="http://jptyotagcmp001.onetakeda.com:8080/api/tesPRDjp/SystemValue.get/179" rel="alternate" type="text/html" title="179" length="0"/><source>com.tidalsoft.webclient.tes.dsp.api.model.SystemValueView</source><modified>2021-11-27T02:08:39+09:00</modified><tes:systemvalue xmlns:tes="http://www.tidalsoftware.com/client/tesservlet"><tes:id>179</tes:id><tes:strvalue/><tes:lastchangetime>2021-11-27T02:08:39+0900</tes:lastchangetime></tes:systemvalue></entry><entry><id>180</id><title>180</title><category term="0" scheme="row" label=""/><category term="0" scheme="level" label=""/><category term="111111111111111111111111" scheme="securitypolicy" label=""/><category term="000000000000000000000000" scheme="customsecuritypolicy" label=""/><link href="http://jptyotagcmp001.onetakeda.com:8080/api/tesPRDjp/SystemValue.get/180" rel="alternate" type="text/html" title="180" length="0"/><source>com.tidalsoft.webclient.tes.dsp.api.model.SystemValueView</source><modified>2021-11-27T02:08:39+09:00</modified><tes:systemvalue xmlns:tes="http://www.tidalsoftware.com/client/tesservlet"><tes:id>180</tes:id><tes:strvalue/><tes:lastchangetime>2021-11-27T02:08:39+0900</tes:lastchangetime></tes:systemvalue></entry><entry><id>181</id><title>181</title><category term="0" scheme="row" label=""/><category term="0" scheme="level" label=""/><category term="111111111111111111111111" scheme="securitypolicy" label=""/><category term="000000000000000000000000" scheme="customsecuritypolicy" label=""/><link href="http://jptyotagcmp001.onetakeda.com:8080/api/tesPRDjp/SystemValue.get/181" rel="alternate" type="text/html" title="181" length="0"/><source>com.tidalsoft.webclient.tes.dsp.api.model.SystemValueView</source><modified>2021-11-27T02:08:39+09:00</modified><tes:systemvalue xmlns:tes="http://www.tidalsoftware.com/client/tesservlet"><tes:id>181</tes:id><tes:strvalue/><tes:lastchangetime>2021-11-27T02:08:39+0900</tes:lastchangetime></tes:systemvalue></entry><entry><id>182</id><title>182</title><category term="0" scheme="row" label=""/><category term="0" scheme="level" label=""/><category term="111111111111111111111111" scheme="securitypolicy" label=""/><category term="000000000000000000000000" scheme="customsecuritypolicy" label=""/><link href="http://jptyotagcmp001.onetakeda.com:8080/api/tesPRDjp/SystemValue.get/182" rel="alternate" type="text/html" title="182" length="0"/><source>com.tidalsoft.webclient.tes.dsp.api.model.SystemValueView</source><modified>2021-11-27T02:08:39+09:00</modified><tes:systemvalue xmlns:tes="http://www.tidalsoftware.com/client/tesservlet"><tes:id>182</tes:id><tes:strvalue/><tes:lastchangetime>2021-11-27T02:08:39+0900</tes:lastchangetime></tes:systemvalue></entry><entry><id>183</id><title>183</title><category term="0" scheme="row" label=""/><category term="0" scheme="level" label=""/><category term="111111111111111111111111" scheme="securitypolicy" label=""/><category term="000000000000000000000000" scheme="customsecuritypolicy" label=""/><link href="http://jptyotagcmp001.onetakeda.com:8080/api/tesPRDjp/SystemValue.get/183" rel="alternate" type="text/html" title="183" length="0"/><source>com.tidalsoft.webclient.tes.dsp.api.model.SystemValueView</source><modified>2021-11-27T02:08:39+09:00</modified><tes:systemvalue xmlns:tes="http://www.tidalsoftware.com/client/tesservlet"><tes:id>183</tes:id><tes:lastchangetime>2021-11-27T02:08:39+0900</tes:lastchangetime><tes:longstring/></tes:systemvalue></entry></feed>
