<?xml version="1.0" encoding="UTF-8"?><feed xmlns:tes="http://www.tidalsoftware.com/client/tesservlet"><entry><tes:actions><tes:actiontype>4</tes:actiontype><tes:variables>configitem=&lt;JobQueue&gt;,subject=&lt;JobParent&gt;\\&lt;JobName&gt; has failed,output=JobRunID &lt;JobID&gt; for &lt;JobQueue&gt; gave exit code &lt;JobExit&gt; on &lt;JobDate.M/d/yyyy&gt; at &lt;JobFinish.HH:mm&gt; for status of &lt;JobStatus&gt;,
urgency=1,impact=2,
owner=&lt;JobOwner&gt;</tes:variables><tes:lastusermodifiedtime>2020-05-04T07:51:02+0900</tes:lastusermodifiedtime><tes:description>-- Deployed from TPADVTESAP01 by onetakeda\ricet on 01/16/2019 06:39:37 AM
-- Updated from JPTYOTAGAD001.onetakeda.com by onetakeda\uxp2321 on 05/04/2020 07:51:02 AM</tes:description><tes:type>4</tes:type><tes:jobid>29</tes:jobid><tes:lastchangetime>2020-05-04T07:51:02+0900</tes:lastchangetime><tes:name>SVCNOW-CREATE-P2-INCIDENT</tes:name><tes:publicflag>N</tes:publicflag><tes:recoveryjobname>TEMP</tes:recoveryjobname><tes:jobname>SVCNOW-CREATE-INCIDENT:JOB-FAILURE</tes:jobname><tes:ownername>Platform-Tidal-GLBL</tes:ownername></tes:actions></entry><entry><tes:actions><tes:actiontype>4</tes:actiontype><tes:variables>configitem=&lt;JobQueue&gt;,subject=&lt;JobParent&gt;\\&lt;JobName&gt; has failed,output=JobRunID &lt;JobID&gt; gave exit code &lt;JobExit&gt; at &lt;JobFinish.HH:mm&gt; for status of &lt;JobStatus&gt;,
urgency=2,impact=2,
owner=&lt;JobOwner&gt;</tes:variables><tes:lastusermodifiedtime>2020-05-04T07:51:02+0900</tes:lastusermodifiedtime><tes:description>-- Deployed from TPADVTESAP01 by onetakeda\ricet on 01/16/2019 06:39:46 AM
-- Updated from JPTYOTAGAD001.onetakeda.com by onetakeda\uxp2321 on 05/04/2020 07:51:02 AM</tes:description><tes:type>4</tes:type><tes:jobid>29</tes:jobid><tes:lastchangetime>2020-05-04T07:51:02+0900</tes:lastchangetime><tes:name>SVCNOW-CREATE-P3-INCIDENT</tes:name><tes:publicflag>N</tes:publicflag><tes:recoveryjobname>TEMP</tes:recoveryjobname><tes:jobname>SVCNOW-CREATE-INCIDENT:JOB-FAILURE</tes:jobname><tes:ownername>Platform-Tidal-GLBL</tes:ownername></tes:actions></entry><entry><tes:actions><tes:actiontype>4</tes:actiontype><tes:variables>configitem=Tidal Enterprise Scheduler APAC,subject=&lt;JobAgent&gt; may unable to process the file dependency,output=
JobRunID: &lt;JobID&gt;
Status: &lt;JobStatus&gt;
Expected Start Time: &lt;JobStart.hh:mm AM/PM&gt; JST
Please investigate why the agent didn't process the dependency and take corrective action,
urgency=2,impact=2,
owner=&lt;JobOwner&gt;</tes:variables><tes:lastusermodifiedtime>2019-07-16T00:04:30+0900</tes:lastusermodifiedtime><tes:description>-- Updated from tidalm-dev by mpi\systocrice on 12/01/2017 01:49:12 PM
-- Deployed from usbostlmt001 by mpi\systocrice on 12/13/2017 01:39:24 PM
-- Deployed from usbostlmp001 by onetakeda\nld7149 on 03/20/2019 11:54:23 AM</tes:description><tes:type>4</tes:type><tes:jobid>29</tes:jobid><tes:lastchangetime>2019-07-16T00:04:30+0900</tes:lastchangetime><tes:name>SVCNOW-CREATE-P2-INCIDENT-SFPAC99</tes:name><tes:publicflag>Y</tes:publicflag><tes:recoveryjobname>TEMP</tes:recoveryjobname><tes:jobname>SVCNOW-CREATE-INCIDENT:JOB-FAILURE</tes:jobname><tes:ownername>Platform-Tidal-GLBL</tes:ownername></tes:actions></entry></feed>