<?xml version="1.0" encoding="UTF-8"?><feed xmlns:tes="http://www.tidalsoftware.com/client/tesservlet"><entry><tes:events><tes:connectionactive>N</tes:connectionactive><tes:nodetype>0</tes:nodetype><tes:eventtypename>Job</tes:eventtypename><tes:triggerid>12</tes:triggerid><tes:active>Y</tes:active><tes:description>-- Deployed from JPTYOTAGAPT001 by onetakeda\MJQ2584 on 12/14/2021 07:11:13 AM</tes:description><tes:monitor>1</tes:monitor><tes:ostype>0</tes:ostype><tes:maxreruns>3</tes:maxreruns><tes:eventcalendarid>0</tes:eventcalendarid><tes:name>RERUN-ERROR-SFTP-JOB</tes:name><tes:eventtype>1</tes:eventtype><tes:alljobs>N</tes:alljobs><tes:pub>Y</tes:pub><tes:repeatinterval>4</tes:repeatinterval><tes:jobcontrol>5</tes:jobcontrol><tes:ownername>AppSrvc-NonHealthcare-JP</tes:ownername></tes:events></entry><entry><tes:events><tes:connectionactive>N</tes:connectionactive><tes:nodetype>0</tes:nodetype><tes:eventtypename>Job</tes:eventtypename><tes:triggerid>2</tes:triggerid><tes:active>Y</tes:active><tes:description>-- Deployed from JPTYOTAGAPT001 by onetakeda\MJQ2584 on 12/14/2021 07:11:27 AM</tes:description><tes:monitor>1</tes:monitor><tes:ostype>0</tes:ostype><tes:maxreruns>3</tes:maxreruns><tes:eventcalendarid>0</tes:eventcalendarid><tes:name>RERUN-FAILED-SFTP-JOB</tes:name><tes:eventtype>1</tes:eventtype><tes:alljobs>N</tes:alljobs><tes:pub>Y</tes:pub><tes:repeatinterval>4</tes:repeatinterval><tes:jobcontrol>5</tes:jobcontrol><tes:ownername>AppSrvc-NonHealthcare-JP</tes:ownername></tes:events></entry><entry><tes:events><tes:connectionactive>N</tes:connectionactive><tes:nodetype>0</tes:nodetype><tes:eventtypename>Job</tes:eventtypename><tes:triggerid>2</tes:triggerid><tes:active>Y</tes:active><tes:description>-- Updated from tidalm-dev by mpi\systocrice on 12/01/2017 08:23:08 AM
-- Deployed from usbostlmt001 by mpi\systocrice on 12/13/2017 01:34:44 PM
-- Deployed from usbostlmp001 by onetakeda\nld7149 on 03/20/2019 11:56:47 AM</tes:description><tes:monitor>1</tes:monitor><tes:ostype>0</tes:ostype><tes:maxreruns>0</tes:maxreruns><tes:eventcalendarid>0</tes:eventcalendarid><tes:name>SVCNOW-CREATE-P2-INCIDENT</tes:name><tes:eventtype>1</tes:eventtype><tes:alljobs>N</tes:alljobs><tes:pub>N</tes:pub><tes:repeatinterval>0</tes:repeatinterval><tes:jobcontrol>0</tes:jobcontrol><tes:ownername>Platform-Tidal-GLBL</tes:ownername></tes:events></entry><entry><tes:events><tes:connectionactive>N</tes:connectionactive><tes:nodetype>0</tes:nodetype><tes:eventtypename>Job</tes:eventtypename><tes:triggerid>12</tes:triggerid><tes:active>Y</tes:active><tes:description>-- Updated from tidalm-dev by mpi\systocrice on 12/01/2017 08:23:08 AM
-- Deployed from usbostlmt001 by mpi\systocrice on 12/13/2017 01:34:44 PM
-- Deployed from usbostlmp001 by onetakeda\nld7149 on 03/20/2019 11:56:52 AM</tes:description><tes:monitor>1</tes:monitor><tes:ostype>0</tes:ostype><tes:maxreruns>0</tes:maxreruns><tes:eventcalendarid>0</tes:eventcalendarid><tes:name>SVCNOW-CREATE-P2-INCIDENT-ERR</tes:name><tes:eventtype>1</tes:eventtype><tes:alljobs>N</tes:alljobs><tes:pub>N</tes:pub><tes:repeatinterval>0</tes:repeatinterval><tes:jobcontrol>0</tes:jobcontrol><tes:ownername>Platform-Tidal-GLBL</tes:ownername></tes:events></entry><entry><tes:events><tes:connectionactive>N</tes:connectionactive><tes:nodetype>0</tes:nodetype><tes:eventtypename>Job</tes:eventtypename><tes:triggerid>2</tes:triggerid><tes:active>Y</tes:active><tes:description>-- Updated from tidalm-dev by mpi\systocrice on 12/01/2017 08:23:56 AM
-- Deployed from usbostlmt001 by mpi\systocrice on 12/13/2017 01:35:35 PM
-- Deployed from usbostlmp001 by onetakeda\nld7149 on 03/20/2019 11:56:54 AM</tes:description><tes:monitor>1</tes:monitor><tes:ostype>0</tes:ostype><tes:maxreruns>0</tes:maxreruns><tes:eventcalendarid>0</tes:eventcalendarid><tes:name>SVCNOW-CREATE-P3-INCIDENT</tes:name><tes:eventtype>1</tes:eventtype><tes:alljobs>N</tes:alljobs><tes:pub>Y</tes:pub><tes:repeatinterval>0</tes:repeatinterval><tes:jobcontrol>0</tes:jobcontrol><tes:ownername>Platform-Tidal-GLBL</tes:ownername></tes:events></entry><entry><tes:events><tes:connectionactive>N</tes:connectionactive><tes:nodetype>0</tes:nodetype><tes:eventtypename>Job</tes:eventtypename><tes:triggerid>12</tes:triggerid><tes:active>Y</tes:active><tes:description>-- Updated from tidalm-dev by mpi\systocrice on 12/01/2017 08:23:57 AM
-- Deployed from usbostlmt001 by mpi\systocrice on 12/13/2017 01:35:37 PM
-- Deployed from usbostlmp001 by onetakeda\nld7149 on 03/20/2019 11:56:55 AM</tes:description><tes:monitor>1</tes:monitor><tes:ostype>0</tes:ostype><tes:maxreruns>0</tes:maxreruns><tes:eventcalendarid>0</tes:eventcalendarid><tes:name>SVCNOW-CREATE-P3-INCIDENT-ERR</tes:name><tes:eventtype>1</tes:eventtype><tes:alljobs>N</tes:alljobs><tes:pub>Y</tes:pub><tes:repeatinterval>0</tes:repeatinterval><tes:jobcontrol>0</tes:jobcontrol><tes:ownername>Platform-Tidal-GLBL</tes:ownername></tes:events></entry><entry><tes:events><tes:connectionactive>N</tes:connectionactive><tes:nodetype>0</tes:nodetype><tes:eventtypename>Job</tes:eventtypename><tes:triggerid>8</tes:triggerid><tes:active>N</tes:active><tes:description>-- Deployed from JPTYOTAGAPT001 by onetakeda\urg9573 on 02/25/2022 10:48:38 AM</tes:description><tes:monitor>1</tes:monitor><tes:ostype>0</tes:ostype><tes:maxreruns>0</tes:maxreruns><tes:eventcalendarid>0</tes:eventcalendarid><tes:name>JOB-NOT-READY-BY-END-OF-TIME-WINDOW-COMPLETED-EVENT</tes:name><tes:eventtype>1</tes:eventtype><tes:alljobs>N</tes:alljobs><tes:pub>Y</tes:pub><tes:repeatinterval>0</tes:repeatinterval><tes:jobcontrol>7</tes:jobcontrol><tes:ownername>AppSrvc-NonHealthcare-JP</tes:ownername></tes:events></entry></feed>