<?xml version="1.0" encoding="UTF-8"?><feed xmlns:tes="http://www.tidalsoftware.com/client/tesservlet"><entry><tes:eventactionjoin><tes:rerunmax>3</tes:rerunmax><tes:actionorder>1</tes:actionorder><tes:jobcontrol>5</tes:jobcontrol><tes:name>RERUN-ERROR-SFTP-JOB</tes:name><tes:eventtype>1</tes:eventtype></tes:eventactionjoin></entry><entry><tes:eventactionjoin><tes:rerunmax>3</tes:rerunmax><tes:actionorder>1</tes:actionorder><tes:jobcontrol>5</tes:jobcontrol><tes:name>RERUN-FAILED-SFTP-JOB</tes:name><tes:eventtype>1</tes:eventtype></tes:eventactionjoin></entry><entry><tes:eventactionjoin><tes:actiontype>4</tes:actiontype><tes:rerunmax>0</tes:rerunmax><tes:type>4</tes:type><tes:actionname>SVCNOW-CREATE-P2-INCIDENT</tes:actionname><tes:actionorder>1</tes:actionorder><tes:jobcontrol>0</tes:jobcontrol><tes:name>SVCNOW-CREATE-P2-INCIDENT</tes:name><tes:eventtype>1</tes:eventtype></tes:eventactionjoin></entry><entry><tes:eventactionjoin><tes:actiontype>4</tes:actiontype><tes:rerunmax>0</tes:rerunmax><tes:type>4</tes:type><tes:actionname>SVCNOW-CREATE-P2-INCIDENT</tes:actionname><tes:actionorder>1</tes:actionorder><tes:jobcontrol>0</tes:jobcontrol><tes:name>SVCNOW-CREATE-P2-INCIDENT-ERR</tes:name><tes:eventtype>1</tes:eventtype></tes:eventactionjoin></entry><entry><tes:eventactionjoin><tes:actiontype>4</tes:actiontype><tes:rerunmax>0</tes:rerunmax><tes:type>4</tes:type><tes:actionname>SVCNOW-CREATE-P3-INCIDENT</tes:actionname><tes:actionorder>1</tes:actionorder><tes:jobcontrol>0</tes:jobcontrol><tes:name>SVCNOW-CREATE-P3-INCIDENT</tes:name><tes:eventtype>1</tes:eventtype></tes:eventactionjoin></entry><entry><tes:eventactionjoin><tes:actiontype>4</tes:actiontype><tes:rerunmax>0</tes:rerunmax><tes:type>4</tes:type><tes:actionname>SVCNOW-CREATE-P3-INCIDENT</tes:actionname><tes:actionorder>1</tes:actionorder><tes:jobcontrol>0</tes:jobcontrol><tes:name>SVCNOW-CREATE-P3-INCIDENT-ERR</tes:name><tes:eventtype>1</tes:eventtype></tes:eventactionjoin></entry><entry><tes:eventactionjoin><tes:rerunmax>0</tes:rerunmax><tes:actionorder>1</tes:actionorder><tes:jobcontrol>7</tes:jobcontrol><tes:name>JOB-NOT-READY-BY-END-OF-TIME-WINDOW-COMPLETED-EVENT</tes:name><tes:eventtype>1</tes:eventtype></tes:eventactionjoin></entry></feed>