<?xml version="1.0" encoding="UTF-8"?><feed xmlns:tes="http://www.tidalsoftware.com/client/tesservlet"><entry><tes:ftpjob><tes:anonymous>N</tes:anonymous><tes:asciiformat>N</tes:asciiformat><tes:encryptioncypherselection>3DES,Blowfish,AES,AES192-CBC,AES128-CBC,AES256-CBC,AES192-CTR,AES128-CTR,AES256-CTR</tes:encryptioncypherselection><tes:ftphost>&lt;EBAGENT_FTP_HOST.787a58182bb47a991e6f7e9f339f072e&gt;</tes:ftphost><tes:filename>D001_D001000001_yyyyMMddhhmmssfff_IN_EBAGENT_ZGN-GENPAY_ZENGIN_2481000901_1.txt.asc</tes:filename><tes:ftpoperation>2</tes:ftpoperation><tes:ftpparameters>2,"&lt;EBAGENT_FTP_HOST.787a58182bb47a991e6f7e9f339f072e&gt;","D001_D001000001_yyyyMMddhhmmssfff_IN_EBAGENT_ZGN-GENPAY_ZENGIN_2481000901_1.txt.asc","",N,N,N</tes:ftpparameters><tes:ftpprotocol>sftp</tes:ftpprotocol><tes:ftpuserdomain>REMOTERUNTIME</tes:ftpuserdomain><tes:localpath>&lt;FSX-ROOT-PATH.74368bdee57d9959ae66fa0769b1cee9&gt;\EBAGENT\send\</tes:localpath><tes:newfilename/><tes:passphrase>eJwLcw021vUxzrXQVCuN9PDw8A4HAC6sBQo=
====
</tes:passphrase><tes:privatekeylocation>&amp;lt;FSX-ROOT-PATH.57&amp;gt;\&amp;lt;EBAGENT_PRIVATE_KEY_LOCATION.75&amp;gt;</tes:privatekeylocation><tes:remotepath>/IN/</tes:remotepath><tes:replacefiles>N</tes:replacefiles><tes:userpasswordauthentication>N</tes:userpasswordauthentication><tes:type>6</tes:type><tes:typename>FTPJOB</tes:typename><tes:name>HUM121-010-0030-023-020-061</tes:name><tes:parentname>\HUE\HUM121\HUM121-010\HUM121-010-0030\HUM121-010-0030-023\HUM121-010-0030-023-020</tes:parentname><tes:active>N</tes:active><tes:effectivecalendarid>1</tes:effectivecalendarid><tes:alias>58295</tes:alias><tes:extendedinfo>&lt;ftp&gt;&lt;protocol&gt;sftp&lt;/protocol&gt;&lt;ssh&gt;0&lt;/ssh&gt;&lt;ecsp&gt;3DES,Blowfish,AES,AES192-CBC,AES128-CBC,AES256-CBC,AES192-CTR,AES128-CTR,AES256-CTR&lt;/ecsp&gt;&lt;auth&gt;2&lt;/auth&gt;&lt;kyfl&gt;&amp;lt;FSX-ROOT-PATH.57&amp;gt;\&amp;lt;EBAGENT_PRIVATE_KEY_LOCATION.75&amp;gt;&lt;/kyfl&gt;&lt;kypp&gt;eJwLcw021vUxzrXQVCuN9PDw8A4HAC6sBQo=
====
&lt;/kypp&gt;&lt;/ftp&gt;</tes:extendedinfo><tes:businessunitname>JAPAN</tes:businessunitname><tes:successorsvalue>Y</tes:successorsvalue><tes:predecessorsvalue>Y</tes:predecessorsvalue><tes:breachoffset>0</tes:breachoffset><tes:riskoffset>0</tes:riskoffset><tes:critical>N</tes:critical><tes:childrencount>0</tes:childrencount><tes:effectiveagentid>0</tes:effectiveagentid><tes:agentlistname>GLOBALSCAPE-AGENT-LIST</tes:agentlistname><tes:agentlistfullname>\GLOBALSCAPE-AGENT-LIST</tes:agentlistfullname><tes:domain>REMOTERUNTIME</tes:domain><tes:allowunscheduled>Y</tes:allowunscheduled><tes:inheritcalendar>Y</tes:inheritcalendar><tes:inheritagent>N</tes:inheritagent><tes:inherittimewindow>N</tes:inherittimewindow><tes:parentactive>N</tes:parentactive><tes:timewindowoption>0</tes:timewindowoption><tes:command>&lt;FSX-ROOT-PATH.74368bdee57d9959ae66fa0769b1cee9&gt;\EBAGENT\send\</tes:command><tes:agentlistostype>1</tes:agentlistostype><tes:allowrerun>Y</tes:allowrerun><tes:calendaroffset>0</tes:calendaroffset><tes:concurrency>4</tes:concurrency><tes:dependencylogic>1</tes:dependencylogic><tes:disablecarryover>0</tes:disablecarryover><tes:durationestimated>13</tes:durationestimated><tes:durationmaximum>60</tes:durationmaximum><tes:durationminimum>60</tes:durationminimum><tes:estimatedmethod>1</tes:estimatedmethod><tes:excludeabnormalduration>4</tes:excludeabnormalduration><tes:exitcodenormaloperator>1</tes:exitcodenormaloperator><tes:fullpath>\HUE\HUM121\HUM121-010\HUM121-010-0030\HUM121-010-0030-023\HUM121-010-0030-023-020\HUM121-010-0030-023-020-061</tes:fullpath><tes:historyretention>60</tes:historyretention><tes:inheritoptions>Y</tes:inheritoptions><tes:inheritrepeat>Y</tes:inheritrepeat><tes:isnotes>false</tes:isnotes><tes:isrunbook>false</tes:isrunbook><tes:nearoutage>3</tes:nearoutage><tes:normalexitfromrange>0</tes:normalexitfromrange><tes:normalexittorange>0</tes:normalexittorange><tes:parameters>2,"&lt;EBAGENT_FTP_HOST.787a58182bb47a991e6f7e9f339f072e&gt;","D001_D001000001_yyyyMMddhhmmssfff_IN_EBAGENT_ZGN-GENPAY_ZENGIN_2481000901_1.txt.asc","",N,N,N</tes:parameters><tes:priority>50</tes:priority><tes:repeat/><tes:rerundependency>N</tes:rerundependency><tes:saveoutputoption>Y</tes:saveoutputoption><tes:trackingmethod>1</tes:trackingmethod><tes:unixprofile>8192</tes:unixprofile><tes:waitOperator>N</tes:waitOperator><tes:waitoperator>N</tes:waitoperator><tes:environmentfile>/IN/</tes:environmentfile><tes:runbook/><tes:notes>-- Deployed from JPTYOTAGAD001.onetakeda.com by onetakeda\urg9573 on 11/17/2021 12:23:39 AM
-- Deployed from JPTYOTAGAPT001 by onetakeda\xzx8837 on 02/25/2022 09:32:29 AM</tes:notes><tes:concurrencytype>6</tes:concurrencytype><tes:tags/><tes:ftpusername>REMOTERUNTIME\D001000001</tes:ftpusername><tes:ownername>AppSrvc-NonHealthcare-JP</tes:ownername><tes:runtimeusername>REMOTERUNTIME\D001000001</tes:runtimeusername><tes:localusername>ONETAKEDA\SVC-1077817</tes:localusername></tes:ftpjob></entry><entry><tes:ftpjob><tes:anonymous>N</tes:anonymous><tes:asciiformat>N</tes:asciiformat><tes:encryptioncypherselection>3DES,Blowfish,AES,AES192-CBC,AES128-CBC,AES256-CBC,AES192-CTR,AES128-CTR,AES256-CTR</tes:encryptioncypherselection><tes:ftphost>&lt;EBAGENT_FTP_HOST.787a58182bb47a991e6f7e9f339f072e&gt;</tes:ftphost><tes:filename>D001_D001000001_*_IN_EBAGENT_ZGN-GENPAY_ZENGIN_2780000904_1.txt.asc</tes:filename><tes:ftpoperation>2</tes:ftpoperation><tes:ftpparameters>2,"&lt;EBAGENT_FTP_HOST.787a58182bb47a991e6f7e9f339f072e&gt;","D001_D001000001_*_IN_EBAGENT_ZGN-GENPAY_ZENGIN_2780000904_1.txt.asc","",N,N,N</tes:ftpparameters><tes:ftpprotocol>sftp</tes:ftpprotocol><tes:ftpuserdomain>REMOTERUNTIME</tes:ftpuserdomain><tes:localpath>&lt;FSX-ROOT-PATH.74368bdee57d9959ae66fa0769b1cee9&gt;\EBAGENT\send\</tes:localpath><tes:newfilename/><tes:passphrase>eJxzMK3OSTLO8dNWLooJ8g4KCnYEADX9BZ0=
====
</tes:passphrase><tes:privatekeylocation>&amp;lt;FSX-ROOT-PATH.57&amp;gt;\&amp;lt;EBAGENT_PRIVATE_KEY_LOCATION.75&amp;gt;</tes:privatekeylocation><tes:remotepath>/IN/</tes:remotepath><tes:replacefiles>N</tes:replacefiles><tes:userpasswordauthentication>N</tes:userpasswordauthentication><tes:type>6</tes:type><tes:typename>FTPJOB</tes:typename><tes:name>HUM121-010-0030-013-020-061</tes:name><tes:parentname>\HUE\HUM121\HUM121-010\HUM121-010-0030\HUM121-010-0030-013\HUM121-010-0030-013-020</tes:parentname><tes:active>N</tes:active><tes:effectivecalendarid>1</tes:effectivecalendarid><tes:alias>58291</tes:alias><tes:extendedinfo>&lt;ftp&gt;&lt;protocol&gt;sftp&lt;/protocol&gt;&lt;ssh&gt;0&lt;/ssh&gt;&lt;ecsp&gt;3DES,Blowfish,AES,AES192-CBC,AES128-CBC,AES256-CBC,AES192-CTR,AES128-CTR,AES256-CTR&lt;/ecsp&gt;&lt;auth&gt;2&lt;/auth&gt;&lt;kyfl&gt;&amp;lt;FSX-ROOT-PATH.57&amp;gt;\&amp;lt;EBAGENT_PRIVATE_KEY_LOCATION.75&amp;gt;&lt;/kyfl&gt;&lt;kypp&gt;eJxzMK3OSTLO8dNWLooJ8g4KCnYEADX9BZ0=
====
&lt;/kypp&gt;&lt;/ftp&gt;</tes:extendedinfo><tes:businessunitname>JAPAN</tes:businessunitname><tes:successorsvalue>Y</tes:successorsvalue><tes:predecessorsvalue>Y</tes:predecessorsvalue><tes:breachoffset>0</tes:breachoffset><tes:riskoffset>0</tes:riskoffset><tes:critical>N</tes:critical><tes:childrencount>0</tes:childrencount><tes:effectiveagentid>0</tes:effectiveagentid><tes:agentlistname>GLOBALSCAPE-AGENT-LIST</tes:agentlistname><tes:agentlistfullname>\GLOBALSCAPE-AGENT-LIST</tes:agentlistfullname><tes:domain>REMOTERUNTIME</tes:domain><tes:allowunscheduled>Y</tes:allowunscheduled><tes:inheritcalendar>Y</tes:inheritcalendar><tes:inheritagent>N</tes:inheritagent><tes:inherittimewindow>N</tes:inherittimewindow><tes:parentactive>N</tes:parentactive><tes:timewindowoption>0</tes:timewindowoption><tes:command>&lt;FSX-ROOT-PATH.74368bdee57d9959ae66fa0769b1cee9&gt;\EBAGENT\send\</tes:command><tes:agentlistostype>1</tes:agentlistostype><tes:allowrerun>Y</tes:allowrerun><tes:calendaroffset>0</tes:calendaroffset><tes:concurrency>4</tes:concurrency><tes:dependencylogic>1</tes:dependencylogic><tes:disablecarryover>0</tes:disablecarryover><tes:durationestimated>13</tes:durationestimated><tes:durationmaximum>60</tes:durationmaximum><tes:durationminimum>60</tes:durationminimum><tes:estimatedmethod>1</tes:estimatedmethod><tes:excludeabnormalduration>4</tes:excludeabnormalduration><tes:exitcodenormaloperator>1</tes:exitcodenormaloperator><tes:fullpath>\HUE\HUM121\HUM121-010\HUM121-010-0030\HUM121-010-0030-013\HUM121-010-0030-013-020\HUM121-010-0030-013-020-061</tes:fullpath><tes:historyretention>60</tes:historyretention><tes:inheritoptions>Y</tes:inheritoptions><tes:inheritrepeat>Y</tes:inheritrepeat><tes:isnotes>false</tes:isnotes><tes:isrunbook>false</tes:isrunbook><tes:nearoutage>3</tes:nearoutage><tes:normalexitfromrange>0</tes:normalexitfromrange><tes:normalexittorange>0</tes:normalexittorange><tes:parameters>2,"&lt;EBAGENT_FTP_HOST.787a58182bb47a991e6f7e9f339f072e&gt;","D001_D001000001_*_IN_EBAGENT_ZGN-GENPAY_ZENGIN_2780000904_1.txt.asc","",N,N,N</tes:parameters><tes:priority>50</tes:priority><tes:repeat/><tes:rerundependency>N</tes:rerundependency><tes:saveoutputoption>Y</tes:saveoutputoption><tes:trackingmethod>1</tes:trackingmethod><tes:unixprofile>8192</tes:unixprofile><tes:waitOperator>N</tes:waitOperator><tes:waitoperator>N</tes:waitoperator><tes:environmentfile>/IN/</tes:environmentfile><tes:runbook/><tes:notes>-- Deployed from JPTYOTAGAD001.onetakeda.com by onetakeda\urg9573 on 11/17/2021 12:23:39 AM
-- Deployed from JPTYOTAGAPT001 by onetakeda\xzx8837 on 02/25/2022 09:32:53 AM</tes:notes><tes:concurrencytype>6</tes:concurrencytype><tes:tags/><tes:ftpusername>REMOTERUNTIME\D001000001</tes:ftpusername><tes:ownername>AppSrvc-NonHealthcare-JP</tes:ownername><tes:runtimeusername>REMOTERUNTIME\D001000001</tes:runtimeusername><tes:localusername>ONETAKEDA\SVC-1077817</tes:localusername></tes:ftpjob></entry><entry><tes:ftpjob><tes:anonymous>N</tes:anonymous><tes:asciiformat>N</tes:asciiformat><tes:encryptioncypherselection>3DES,Blowfish,AES,AES192-CBC,AES128-CBC,AES256-CBC,AES192-CTR,AES128-CTR,AES256-CTR</tes:encryptioncypherselection><tes:ftphost>&lt;EBAGENT_FTP_HOST.787a58182bb47a991e6f7e9f339f072e&gt;</tes:ftphost><tes:filename>D001_D001000001_*_IN_EBAGENT_ZGN-GENPAY_ZENGIN_2481000901_1.txt.asc</tes:filename><tes:ftpoperation>2</tes:ftpoperation><tes:ftpparameters>2,"&lt;EBAGENT_FTP_HOST.787a58182bb47a991e6f7e9f339f072e&gt;","D001_D001000001_*_IN_EBAGENT_ZGN-GENPAY_ZENGIN_2481000901_1.txt.asc","",N,N,N</tes:ftpparameters><tes:ftpprotocol>sftp</tes:ftpprotocol><tes:ftpuserdomain>REMOTERUNTIME</tes:ftpuserdomain><tes:localpath>&lt;FSX-ROOT-PATH.74368bdee57d9959ae66fa0769b1cee9&gt;\EBAGENT\send\</tes:localpath><tes:newfilename/><tes:passphrase>eJwLyykODvQPLlezzFT2iAx2dHMEADjMBZo=
====
</tes:passphrase><tes:privatekeylocation>&amp;lt;FSX-ROOT-PATH.57&amp;gt;\&amp;lt;EBAGENT_PRIVATE_KEY_LOCATION.75&amp;gt;</tes:privatekeylocation><tes:remotepath>/IN/</tes:remotepath><tes:replacefiles>N</tes:replacefiles><tes:userpasswordauthentication>N</tes:userpasswordauthentication><tes:type>6</tes:type><tes:typename>FTPJOB</tes:typename><tes:name>HUM109-010-0101-023-020-061</tes:name><tes:parentname>\HUE\HUM109\HUM109-010\HUM109-010-0101\HUM109-010-0101-023\HUM109-010-0101-023-020</tes:parentname><tes:active>N</tes:active><tes:effectivecalendarid>1</tes:effectivecalendarid><tes:alias>58287</tes:alias><tes:extendedinfo>&lt;ftp&gt;&lt;protocol&gt;sftp&lt;/protocol&gt;&lt;ssh&gt;0&lt;/ssh&gt;&lt;ecsp&gt;3DES,Blowfish,AES,AES192-CBC,AES128-CBC,AES256-CBC,AES192-CTR,AES128-CTR,AES256-CTR&lt;/ecsp&gt;&lt;auth&gt;2&lt;/auth&gt;&lt;kyfl&gt;&amp;lt;FSX-ROOT-PATH.57&amp;gt;\&amp;lt;EBAGENT_PRIVATE_KEY_LOCATION.75&amp;gt;&lt;/kyfl&gt;&lt;kypp&gt;eJwLyykODvQPLlezzFT2iAx2dHMEADjMBZo=
====
&lt;/kypp&gt;&lt;/ftp&gt;</tes:extendedinfo><tes:businessunitname>JAPAN</tes:businessunitname><tes:successorsvalue>Y</tes:successorsvalue><tes:predecessorsvalue>Y</tes:predecessorsvalue><tes:breachoffset>0</tes:breachoffset><tes:riskoffset>0</tes:riskoffset><tes:critical>N</tes:critical><tes:childrencount>0</tes:childrencount><tes:effectiveagentid>0</tes:effectiveagentid><tes:agentlistname>GLOBALSCAPE-AGENT-LIST</tes:agentlistname><tes:agentlistfullname>\GLOBALSCAPE-AGENT-LIST</tes:agentlistfullname><tes:domain>REMOTERUNTIME</tes:domain><tes:allowunscheduled>Y</tes:allowunscheduled><tes:inheritcalendar>Y</tes:inheritcalendar><tes:inheritagent>N</tes:inheritagent><tes:inherittimewindow>N</tes:inherittimewindow><tes:parentactive>N</tes:parentactive><tes:timewindowoption>0</tes:timewindowoption><tes:command>&lt;FSX-ROOT-PATH.74368bdee57d9959ae66fa0769b1cee9&gt;\EBAGENT\send\</tes:command><tes:agentlistostype>1</tes:agentlistostype><tes:allowrerun>Y</tes:allowrerun><tes:calendaroffset>0</tes:calendaroffset><tes:concurrency>4</tes:concurrency><tes:dependencylogic>1</tes:dependencylogic><tes:disablecarryover>0</tes:disablecarryover><tes:durationestimated>15</tes:durationestimated><tes:durationmaximum>60</tes:durationmaximum><tes:durationminimum>60</tes:durationminimum><tes:estimatedmethod>1</tes:estimatedmethod><tes:excludeabnormalduration>4</tes:excludeabnormalduration><tes:exitcodenormaloperator>1</tes:exitcodenormaloperator><tes:fullpath>\HUE\HUM109\HUM109-010\HUM109-010-0101\HUM109-010-0101-023\HUM109-010-0101-023-020\HUM109-010-0101-023-020-061</tes:fullpath><tes:historyretention>60</tes:historyretention><tes:inheritoptions>Y</tes:inheritoptions><tes:inheritrepeat>Y</tes:inheritrepeat><tes:isnotes>false</tes:isnotes><tes:isrunbook>false</tes:isrunbook><tes:nearoutage>3</tes:nearoutage><tes:normalexitfromrange>0</tes:normalexitfromrange><tes:normalexittorange>0</tes:normalexittorange><tes:parameters>2,"&lt;EBAGENT_FTP_HOST.787a58182bb47a991e6f7e9f339f072e&gt;","D001_D001000001_*_IN_EBAGENT_ZGN-GENPAY_ZENGIN_2481000901_1.txt.asc","",N,N,N</tes:parameters><tes:priority>50</tes:priority><tes:repeat/><tes:rerundependency>N</tes:rerundependency><tes:saveoutputoption>Y</tes:saveoutputoption><tes:trackingmethod>1</tes:trackingmethod><tes:unixprofile>8192</tes:unixprofile><tes:waitOperator>N</tes:waitOperator><tes:waitoperator>N</tes:waitoperator><tes:environmentfile>/IN/</tes:environmentfile><tes:runbook/><tes:notes>-- Deployed from JPTYOTAGAD001.onetakeda.com by onetakeda\urg9573 on 11/17/2021 12:23:39 AM
-- Deployed from JPTYOTAGAPT001 by onetakeda\xzx8837 on 02/25/2022 09:33:12 AM</tes:notes><tes:concurrencytype>6</tes:concurrencytype><tes:tags/><tes:ftpusername>REMOTERUNTIME\D001000001</tes:ftpusername><tes:ownername>AppSrvc-NonHealthcare-JP</tes:ownername><tes:runtimeusername>REMOTERUNTIME\D001000001</tes:runtimeusername><tes:localusername>ONETAKEDA\SVC-1077817</tes:localusername></tes:ftpjob></entry><entry><tes:ftpjob><tes:anonymous>N</tes:anonymous><tes:asciiformat>N</tes:asciiformat><tes:encryptioncypherselection>3DES,Blowfish,AES,AES192-CBC,AES128-CBC,AES256-CBC,AES192-CTR,AES128-CTR,AES256-CTR</tes:encryptioncypherselection><tes:ftphost>&lt;EBAGENT_FTP_HOST.787a58182bb47a991e6f7e9f339f072e&gt;</tes:ftphost><tes:filename>D001_D001000001_*_IN_EBAGENT_ZGN-GENPAY_ZENGIN_2780000904_1.txt.asc</tes:filename><tes:ftpoperation>2</tes:ftpoperation><tes:ftpparameters>2,"&lt;EBAGENT_FTP_HOST.787a58182bb47a991e6f7e9f339f072e&gt;","D001_D001000001_*_IN_EBAGENT_ZGN-GENPAY_ZENGIN_2780000904_1.txt.asc","",N,N,N</tes:ftpparameters><tes:ftpprotocol>sftp</tes:ftpprotocol><tes:ftpuserdomain>REMOTERUNTIME</tes:ftpuserdomain><tes:localpath>&lt;FSX-ROOT-PATH.74368bdee57d9959ae66fa0769b1cee9&gt;\EBAGENT\send\</tes:localpath><tes:newfilename/><tes:passphrase>eJzzCsuL9zSLt1RxjAvy8I709nYDADQ3BWI=
====
</tes:passphrase><tes:privatekeylocation>&amp;lt;FSX-ROOT-PATH.57&amp;gt;\&amp;lt;EBAGENT_PRIVATE_KEY_LOCATION.75&amp;gt;</tes:privatekeylocation><tes:remotepath>/IN/</tes:remotepath><tes:replacefiles>N</tes:replacefiles><tes:userpasswordauthentication>N</tes:userpasswordauthentication><tes:type>6</tes:type><tes:typename>FTPJOB</tes:typename><tes:name>HUM109-010-0101-013-020-061</tes:name><tes:parentname>\HUE\HUM109\HUM109-010\HUM109-010-0101\HUM109-010-0101-013\HUM109-010-0101-013-020</tes:parentname><tes:active>N</tes:active><tes:effectivecalendarid>1</tes:effectivecalendarid><tes:alias>58279</tes:alias><tes:extendedinfo>&lt;ftp&gt;&lt;protocol&gt;sftp&lt;/protocol&gt;&lt;ssh&gt;0&lt;/ssh&gt;&lt;ecsp&gt;3DES,Blowfish,AES,AES192-CBC,AES128-CBC,AES256-CBC,AES192-CTR,AES128-CTR,AES256-CTR&lt;/ecsp&gt;&lt;auth&gt;2&lt;/auth&gt;&lt;kyfl&gt;&amp;lt;FSX-ROOT-PATH.57&amp;gt;\&amp;lt;EBAGENT_PRIVATE_KEY_LOCATION.75&amp;gt;&lt;/kyfl&gt;&lt;kypp&gt;eJzzCsuL9zSLt1RxjAvy8I709nYDADQ3BWI=
====
&lt;/kypp&gt;&lt;/ftp&gt;</tes:extendedinfo><tes:businessunitname>JAPAN</tes:businessunitname><tes:successorsvalue>Y</tes:successorsvalue><tes:predecessorsvalue>Y</tes:predecessorsvalue><tes:breachoffset>0</tes:breachoffset><tes:riskoffset>0</tes:riskoffset><tes:critical>N</tes:critical><tes:childrencount>0</tes:childrencount><tes:effectiveagentid>0</tes:effectiveagentid><tes:agentlistname>GLOBALSCAPE-AGENT-LIST</tes:agentlistname><tes:agentlistfullname>\GLOBALSCAPE-AGENT-LIST</tes:agentlistfullname><tes:domain>REMOTERUNTIME</tes:domain><tes:allowunscheduled>Y</tes:allowunscheduled><tes:inheritcalendar>Y</tes:inheritcalendar><tes:inheritagent>N</tes:inheritagent><tes:inherittimewindow>N</tes:inherittimewindow><tes:parentactive>N</tes:parentactive><tes:timewindowoption>0</tes:timewindowoption><tes:command>&lt;FSX-ROOT-PATH.74368bdee57d9959ae66fa0769b1cee9&gt;\EBAGENT\send\</tes:command><tes:agentlistostype>1</tes:agentlistostype><tes:allowrerun>Y</tes:allowrerun><tes:calendaroffset>0</tes:calendaroffset><tes:concurrency>4</tes:concurrency><tes:dependencylogic>1</tes:dependencylogic><tes:disablecarryover>0</tes:disablecarryover><tes:durationestimated>15</tes:durationestimated><tes:durationmaximum>60</tes:durationmaximum><tes:durationminimum>60</tes:durationminimum><tes:estimatedmethod>1</tes:estimatedmethod><tes:excludeabnormalduration>4</tes:excludeabnormalduration><tes:exitcodenormaloperator>1</tes:exitcodenormaloperator><tes:fullpath>\HUE\HUM109\HUM109-010\HUM109-010-0101\HUM109-010-0101-013\HUM109-010-0101-013-020\HUM109-010-0101-013-020-061</tes:fullpath><tes:historyretention>60</tes:historyretention><tes:inheritoptions>Y</tes:inheritoptions><tes:inheritrepeat>Y</tes:inheritrepeat><tes:isnotes>false</tes:isnotes><tes:isrunbook>false</tes:isrunbook><tes:nearoutage>3</tes:nearoutage><tes:normalexitfromrange>0</tes:normalexitfromrange><tes:normalexittorange>0</tes:normalexittorange><tes:parameters>2,"&lt;EBAGENT_FTP_HOST.787a58182bb47a991e6f7e9f339f072e&gt;","D001_D001000001_*_IN_EBAGENT_ZGN-GENPAY_ZENGIN_2780000904_1.txt.asc","",N,N,N</tes:parameters><tes:priority>50</tes:priority><tes:repeat/><tes:rerundependency>N</tes:rerundependency><tes:saveoutputoption>Y</tes:saveoutputoption><tes:trackingmethod>1</tes:trackingmethod><tes:unixprofile>8192</tes:unixprofile><tes:waitOperator>N</tes:waitOperator><tes:waitoperator>N</tes:waitoperator><tes:environmentfile>/IN/</tes:environmentfile><tes:runbook/><tes:notes>-- Deployed from JPTYOTAGAD001.onetakeda.com by onetakeda\urg9573 on 11/17/2021 12:23:39 AM
-- Deployed from JPTYOTAGAPT001 by onetakeda\xzx8837 on 02/25/2022 09:33:30 AM</tes:notes><tes:concurrencytype>6</tes:concurrencytype><tes:tags/><tes:ftpusername>REMOTERUNTIME\D001000001</tes:ftpusername><tes:ownername>AppSrvc-NonHealthcare-JP</tes:ownername><tes:runtimeusername>REMOTERUNTIME\D001000001</tes:runtimeusername><tes:localusername>ONETAKEDA\SVC-1077817</tes:localusername></tes:ftpjob></entry><entry><tes:ftpjob><tes:anonymous>N</tes:anonymous><tes:asciiformat>N</tes:asciiformat><tes:encryptioncypherselection>3DES,Blowfish,AES,AES192-CBC,AES128-CBC,AES256-CBC,AES192-CTR,AES128-CTR,AES256-CTR</tes:encryptioncypherselection><tes:ftphost>&lt;EBAGENT_FTP_HOST.787a58182bb47a991e6f7e9f339f072e&gt;</tes:ftphost><tes:filename>D001_D001000001_*_IN_EBAGENT_ZGN-SPY-JPB_ZENGIN_2780990001_1.txt.asc</tes:filename><tes:ftpoperation>2</tes:ftpoperation><tes:ftpparameters>2,"&lt;EBAGENT_FTP_HOST.787a58182bb47a991e6f7e9f339f072e&gt;","D001_D001000001_*_IN_EBAGENT_ZGN-SPY-JPB_ZENGIN_2780990001_1.txt.asc","",N,N,N</tes:ftpparameters><tes:ftpprotocol>sftp</tes:ftpprotocol><tes:ftpuserdomain>REMOTERUNTIME</tes:ftpuserdomain><tes:localpath>&lt;FSX-ROOT-PATH.74368bdee57d9959ae66fa0769b1cee9&gt;\EBAGENT\send\</tes:localpath><tes:newfilename/><tes:passphrase>eJxLKtEoilIrKilXNy52Cw/yDooEADpFBgA=
====
</tes:passphrase><tes:privatekeylocation>&amp;lt;FSX-ROOT-PATH.57&amp;gt;\&amp;lt;EBAGENT_PRIVATE_KEY_LOCATION.75&amp;gt;</tes:privatekeylocation><tes:remotepath>/IN/</tes:remotepath><tes:replacefiles>N</tes:replacefiles><tes:userpasswordauthentication>N</tes:userpasswordauthentication><tes:type>6</tes:type><tes:typename>FTPJOB</tes:typename><tes:name>HUM072-010-0103-020-020-061</tes:name><tes:parentname>\HUE\HUM072\HUM072-010\HUM072-010-0103\HUM072-010-0103-020\HUM072-010-0103-020-020</tes:parentname><tes:active>N</tes:active><tes:effectivecalendarid>1</tes:effectivecalendarid><tes:alias>58320</tes:alias><tes:extendedinfo>&lt;ftp&gt;&lt;protocol&gt;sftp&lt;/protocol&gt;&lt;ssh&gt;0&lt;/ssh&gt;&lt;ecsp&gt;3DES,Blowfish,AES,AES192-CBC,AES128-CBC,AES256-CBC,AES192-CTR,AES128-CTR,AES256-CTR&lt;/ecsp&gt;&lt;auth&gt;2&lt;/auth&gt;&lt;kyfl&gt;&amp;lt;FSX-ROOT-PATH.57&amp;gt;\&amp;lt;EBAGENT_PRIVATE_KEY_LOCATION.75&amp;gt;&lt;/kyfl&gt;&lt;kypp&gt;eJxLKtEoilIrKilXNy52Cw/yDooEADpFBgA=
====
&lt;/kypp&gt;&lt;/ftp&gt;</tes:extendedinfo><tes:businessunitname>JAPAN</tes:businessunitname><tes:successorsvalue>Y</tes:successorsvalue><tes:predecessorsvalue>Y</tes:predecessorsvalue><tes:breachoffset>0</tes:breachoffset><tes:riskoffset>0</tes:riskoffset><tes:critical>N</tes:critical><tes:childrencount>0</tes:childrencount><tes:effectiveagentid>0</tes:effectiveagentid><tes:agentlistname>GLOBALSCAPE-AGENT-LIST</tes:agentlistname><tes:agentlistfullname>\GLOBALSCAPE-AGENT-LIST</tes:agentlistfullname><tes:domain>REMOTERUNTIME</tes:domain><tes:allowunscheduled>Y</tes:allowunscheduled><tes:inheritcalendar>Y</tes:inheritcalendar><tes:inheritagent>N</tes:inheritagent><tes:inherittimewindow>N</tes:inherittimewindow><tes:parentactive>N</tes:parentactive><tes:timewindowoption>0</tes:timewindowoption><tes:command>&lt;FSX-ROOT-PATH.74368bdee57d9959ae66fa0769b1cee9&gt;\EBAGENT\send\</tes:command><tes:agentlistostype>1</tes:agentlistostype><tes:allowrerun>Y</tes:allowrerun><tes:calendaroffset>0</tes:calendaroffset><tes:concurrency>4</tes:concurrency><tes:dependencylogic>1</tes:dependencylogic><tes:disablecarryover>0</tes:disablecarryover><tes:durationestimated>15</tes:durationestimated><tes:durationmaximum>60</tes:durationmaximum><tes:durationminimum>60</tes:durationminimum><tes:estimatedmethod>1</tes:estimatedmethod><tes:excludeabnormalduration>4</tes:excludeabnormalduration><tes:exitcodenormaloperator>1</tes:exitcodenormaloperator><tes:fullpath>\HUE\HUM072\HUM072-010\HUM072-010-0103\HUM072-010-0103-020\HUM072-010-0103-020-020\HUM072-010-0103-020-020-061</tes:fullpath><tes:historyretention>60</tes:historyretention><tes:inheritoptions>Y</tes:inheritoptions><tes:inheritrepeat>Y</tes:inheritrepeat><tes:isnotes>false</tes:isnotes><tes:isrunbook>false</tes:isrunbook><tes:nearoutage>3</tes:nearoutage><tes:normalexitfromrange>0</tes:normalexitfromrange><tes:normalexittorange>0</tes:normalexittorange><tes:parameters>2,"&lt;EBAGENT_FTP_HOST.787a58182bb47a991e6f7e9f339f072e&gt;","D001_D001000001_*_IN_EBAGENT_ZGN-SPY-JPB_ZENGIN_2780990001_1.txt.asc","",N,N,N</tes:parameters><tes:priority>50</tes:priority><tes:repeat/><tes:rerundependency>N</tes:rerundependency><tes:saveoutputoption>Y</tes:saveoutputoption><tes:trackingmethod>1</tes:trackingmethod><tes:unixprofile>8192</tes:unixprofile><tes:waitOperator>N</tes:waitOperator><tes:waitoperator>N</tes:waitoperator><tes:environmentfile>/IN/</tes:environmentfile><tes:runbook/><tes:notes>-- Deployed from JPTYOTAGAD001.onetakeda.com by onetakeda\urg9573 on 11/17/2021 12:23:39 AM
-- Deployed from JPTYOTAGAPT001 by onetakeda\xzx8837 on 02/25/2022 09:36:54 AM</tes:notes><tes:concurrencytype>6</tes:concurrencytype><tes:tags/><tes:ftpusername>REMOTERUNTIME\D001000001</tes:ftpusername><tes:ownername>AppSrvc-NonHealthcare-JP</tes:ownername><tes:runtimeusername>REMOTERUNTIME\D001000001</tes:runtimeusername><tes:localusername>ONETAKEDA\SVC-1077817</tes:localusername></tes:ftpjob></entry><entry><tes:ftpjob><tes:anonymous>N</tes:anonymous><tes:asciiformat>N</tes:asciiformat><tes:encryptioncypherselection>3DES,Blowfish,AES,AES192-CBC,AES128-CBC,AES256-CBC,AES192-CTR,AES128-CTR,AES256-CTR</tes:encryptioncypherselection><tes:ftphost>&lt;EBAGENT_FTP_HOST.787a58182bb47a991e6f7e9f339f072e&gt;</tes:ftphost><tes:filename>D001_D001000001_*_IN_EBAGENT_ZGN-SPY-PVT_ZENGIN_2780000103_1.txt.asc</tes:filename><tes:ftpoperation>2</tes:ftpoperation><tes:ftpparameters>2,"&lt;EBAGENT_FTP_HOST.787a58182bb47a991e6f7e9f339f072e&gt;","D001_D001000001_*_IN_EBAGENT_ZGN-SPY-PVT_ZENGIN_2780000103_1.txt.asc","",N,N,N</tes:ftpparameters><tes:ftpprotocol>sftp</tes:ftpprotocol><tes:ftpuserdomain>REMOTERUNTIME</tes:ftpuserdomain><tes:localpath>&lt;FSX-ROOT-PATH.74368bdee57d9959ae66fa0769b1cee9&gt;\EBAGENT\send\</tes:localpath><tes:newfilename/><tes:passphrase>eJzLzEmIiDaIMKkoUXJx84gI8ggHADmHBc4=
====
</tes:passphrase><tes:privatekeylocation>&amp;lt;FSX-ROOT-PATH.57&amp;gt;\&amp;lt;EBAGENT_PRIVATE_KEY_LOCATION.75&amp;gt;</tes:privatekeylocation><tes:remotepath>/IN/</tes:remotepath><tes:replacefiles>N</tes:replacefiles><tes:userpasswordauthentication>N</tes:userpasswordauthentication><tes:type>6</tes:type><tes:typename>FTPJOB</tes:typename><tes:name>HUM072-010-0102-020-020-061</tes:name><tes:parentname>\HUE\HUM072\HUM072-010\HUM072-010-0102\HUM072-010-0102-020\HUM072-010-0102-020-020</tes:parentname><tes:active>N</tes:active><tes:effectivecalendarid>1</tes:effectivecalendarid><tes:alias>58316</tes:alias><tes:extendedinfo>&lt;ftp&gt;&lt;protocol&gt;sftp&lt;/protocol&gt;&lt;ssh&gt;0&lt;/ssh&gt;&lt;ecsp&gt;3DES,Blowfish,AES,AES192-CBC,AES128-CBC,AES256-CBC,AES192-CTR,AES128-CTR,AES256-CTR&lt;/ecsp&gt;&lt;auth&gt;2&lt;/auth&gt;&lt;kyfl&gt;&amp;lt;FSX-ROOT-PATH.57&amp;gt;\&amp;lt;EBAGENT_PRIVATE_KEY_LOCATION.75&amp;gt;&lt;/kyfl&gt;&lt;kypp&gt;eJzLzEmIiDaIMKkoUXJx84gI8ggHADmHBc4=
====
&lt;/kypp&gt;&lt;/ftp&gt;</tes:extendedinfo><tes:businessunitname>JAPAN</tes:businessunitname><tes:successorsvalue>Y</tes:successorsvalue><tes:predecessorsvalue>Y</tes:predecessorsvalue><tes:breachoffset>0</tes:breachoffset><tes:riskoffset>0</tes:riskoffset><tes:critical>N</tes:critical><tes:childrencount>0</tes:childrencount><tes:effectiveagentid>0</tes:effectiveagentid><tes:agentlistname>GLOBALSCAPE-AGENT-LIST</tes:agentlistname><tes:agentlistfullname>\GLOBALSCAPE-AGENT-LIST</tes:agentlistfullname><tes:domain>REMOTERUNTIME</tes:domain><tes:allowunscheduled>Y</tes:allowunscheduled><tes:inheritcalendar>Y</tes:inheritcalendar><tes:inheritagent>N</tes:inheritagent><tes:inherittimewindow>N</tes:inherittimewindow><tes:parentactive>N</tes:parentactive><tes:timewindowoption>0</tes:timewindowoption><tes:command>&lt;FSX-ROOT-PATH.74368bdee57d9959ae66fa0769b1cee9&gt;\EBAGENT\send\</tes:command><tes:agentlistostype>1</tes:agentlistostype><tes:allowrerun>Y</tes:allowrerun><tes:calendaroffset>0</tes:calendaroffset><tes:concurrency>4</tes:concurrency><tes:dependencylogic>1</tes:dependencylogic><tes:disablecarryover>0</tes:disablecarryover><tes:durationestimated>15</tes:durationestimated><tes:durationmaximum>60</tes:durationmaximum><tes:durationminimum>60</tes:durationminimum><tes:estimatedmethod>1</tes:estimatedmethod><tes:excludeabnormalduration>4</tes:excludeabnormalduration><tes:exitcodenormaloperator>1</tes:exitcodenormaloperator><tes:fullpath>\HUE\HUM072\HUM072-010\HUM072-010-0102\HUM072-010-0102-020\HUM072-010-0102-020-020\HUM072-010-0102-020-020-061</tes:fullpath><tes:historyretention>60</tes:historyretention><tes:inheritoptions>Y</tes:inheritoptions><tes:inheritrepeat>Y</tes:inheritrepeat><tes:isnotes>false</tes:isnotes><tes:isrunbook>false</tes:isrunbook><tes:nearoutage>3</tes:nearoutage><tes:normalexitfromrange>0</tes:normalexitfromrange><tes:normalexittorange>0</tes:normalexittorange><tes:parameters>2,"&lt;EBAGENT_FTP_HOST.787a58182bb47a991e6f7e9f339f072e&gt;","D001_D001000001_*_IN_EBAGENT_ZGN-SPY-PVT_ZENGIN_2780000103_1.txt.asc","",N,N,N</tes:parameters><tes:priority>50</tes:priority><tes:repeat/><tes:rerundependency>N</tes:rerundependency><tes:saveoutputoption>Y</tes:saveoutputoption><tes:trackingmethod>1</tes:trackingmethod><tes:unixprofile>8192</tes:unixprofile><tes:waitOperator>N</tes:waitOperator><tes:waitoperator>N</tes:waitoperator><tes:environmentfile>/IN/</tes:environmentfile><tes:runbook/><tes:notes>-- Deployed from JPTYOTAGAD001.onetakeda.com by onetakeda\urg9573 on 11/17/2021 12:23:39 AM
-- Deployed from JPTYOTAGAPT001 by onetakeda\xzx8837 on 02/25/2022 09:37:12 AM</tes:notes><tes:concurrencytype>6</tes:concurrencytype><tes:tags/><tes:ftpusername>REMOTERUNTIME\D001000001</tes:ftpusername><tes:ownername>AppSrvc-NonHealthcare-JP</tes:ownername><tes:runtimeusername>REMOTERUNTIME\D001000001</tes:runtimeusername><tes:localusername>ONETAKEDA\SVC-1077817</tes:localusername></tes:ftpjob></entry><entry><tes:ftpjob><tes:anonymous>N</tes:anonymous><tes:asciiformat>N</tes:asciiformat><tes:encryptioncypherselection>3DES,Blowfish,AES,AES192-CBC,AES128-CBC,AES256-CBC,AES192-CTR,AES128-CTR,AES256-CTR</tes:encryptioncypherselection><tes:ftphost>&lt;EBAGENT_FTP_HOST.787a58182bb47a991e6f7e9f339f072e&gt;</tes:ftphost><tes:filename>D001_D001000001_*_IN_EBAGENT_ZGN-SPY-PVT_ZENGIN_2780000903_1.txt.asc</tes:filename><tes:ftpoperation>2</tes:ftpoperation><tes:ftpparameters>2,"&lt;EBAGENT_FTP_HOST.787a58182bb47a991e6f7e9f339f072e&gt;","D001_D001000001_*_IN_EBAGENT_ZGN-SPY-PVT_ZENGIN_2780000903_1.txt.asc","",N,N,N</tes:ftpparameters><tes:ftpprotocol>sftp</tes:ftpprotocol><tes:ftpuserdomain>REMOTERUNTIME</tes:ftpuserdomain><tes:localpath>&lt;FSX-ROOT-PATH.74368bdee57d9959ae66fa0769b1cee9&gt;\EBAGENT\send\</tes:localpath><tes:newfilename/><tes:passphrase>eJxzKLGtjg2uji6K0igM8ggPjowAADztBk0=
====
</tes:passphrase><tes:privatekeylocation>&amp;lt;FSX-ROOT-PATH.57&amp;gt;\&amp;lt;EBAGENT_PRIVATE_KEY_LOCATION.75&amp;gt;</tes:privatekeylocation><tes:remotepath>/IN/</tes:remotepath><tes:replacefiles>N</tes:replacefiles><tes:userpasswordauthentication>N</tes:userpasswordauthentication><tes:type>6</tes:type><tes:typename>FTPJOB</tes:typename><tes:name>HUM072-010-0101-020-020-061</tes:name><tes:parentname>\HUE\HUM072\HUM072-010\HUM072-010-0101\HUM072-010-0101-020\HUM072-010-0101-020-020</tes:parentname><tes:active>N</tes:active><tes:effectivecalendarid>1</tes:effectivecalendarid><tes:alias>58312</tes:alias><tes:extendedinfo>&lt;ftp&gt;&lt;protocol&gt;sftp&lt;/protocol&gt;&lt;ssh&gt;0&lt;/ssh&gt;&lt;ecsp&gt;3DES,Blowfish,AES,AES192-CBC,AES128-CBC,AES256-CBC,AES192-CTR,AES128-CTR,AES256-CTR&lt;/ecsp&gt;&lt;auth&gt;2&lt;/auth&gt;&lt;kyfl&gt;&amp;lt;FSX-ROOT-PATH.57&amp;gt;\&amp;lt;EBAGENT_PRIVATE_KEY_LOCATION.75&amp;gt;&lt;/kyfl&gt;&lt;kypp&gt;eJxzKLGtjg2uji6K0igM8ggPjowAADztBk0=
====
&lt;/kypp&gt;&lt;/ftp&gt;</tes:extendedinfo><tes:businessunitname>JAPAN</tes:businessunitname><tes:successorsvalue>Y</tes:successorsvalue><tes:predecessorsvalue>Y</tes:predecessorsvalue><tes:breachoffset>0</tes:breachoffset><tes:riskoffset>0</tes:riskoffset><tes:critical>N</tes:critical><tes:childrencount>0</tes:childrencount><tes:effectiveagentid>0</tes:effectiveagentid><tes:agentlistname>GLOBALSCAPE-AGENT-LIST</tes:agentlistname><tes:agentlistfullname>\GLOBALSCAPE-AGENT-LIST</tes:agentlistfullname><tes:domain>REMOTERUNTIME</tes:domain><tes:allowunscheduled>Y</tes:allowunscheduled><tes:inheritcalendar>Y</tes:inheritcalendar><tes:inheritagent>N</tes:inheritagent><tes:inherittimewindow>N</tes:inherittimewindow><tes:parentactive>N</tes:parentactive><tes:timewindowoption>0</tes:timewindowoption><tes:command>&lt;FSX-ROOT-PATH.74368bdee57d9959ae66fa0769b1cee9&gt;\EBAGENT\send\</tes:command><tes:agentlistostype>1</tes:agentlistostype><tes:allowrerun>Y</tes:allowrerun><tes:calendaroffset>0</tes:calendaroffset><tes:concurrency>4</tes:concurrency><tes:dependencylogic>1</tes:dependencylogic><tes:disablecarryover>0</tes:disablecarryover><tes:durationestimated>15</tes:durationestimated><tes:durationmaximum>60</tes:durationmaximum><tes:durationminimum>60</tes:durationminimum><tes:estimatedmethod>1</tes:estimatedmethod><tes:excludeabnormalduration>4</tes:excludeabnormalduration><tes:exitcodenormaloperator>1</tes:exitcodenormaloperator><tes:fullpath>\HUE\HUM072\HUM072-010\HUM072-010-0101\HUM072-010-0101-020\HUM072-010-0101-020-020\HUM072-010-0101-020-020-061</tes:fullpath><tes:historyretention>60</tes:historyretention><tes:inheritoptions>Y</tes:inheritoptions><tes:inheritrepeat>Y</tes:inheritrepeat><tes:isnotes>false</tes:isnotes><tes:isrunbook>false</tes:isrunbook><tes:nearoutage>3</tes:nearoutage><tes:normalexitfromrange>0</tes:normalexitfromrange><tes:normalexittorange>0</tes:normalexittorange><tes:parameters>2,"&lt;EBAGENT_FTP_HOST.787a58182bb47a991e6f7e9f339f072e&gt;","D001_D001000001_*_IN_EBAGENT_ZGN-SPY-PVT_ZENGIN_2780000903_1.txt.asc","",N,N,N</tes:parameters><tes:priority>50</tes:priority><tes:repeat/><tes:rerundependency>N</tes:rerundependency><tes:saveoutputoption>Y</tes:saveoutputoption><tes:trackingmethod>1</tes:trackingmethod><tes:unixprofile>8192</tes:unixprofile><tes:waitOperator>N</tes:waitOperator><tes:waitoperator>N</tes:waitoperator><tes:environmentfile>/IN/</tes:environmentfile><tes:runbook/><tes:notes>-- Deployed from JPTYOTAGAD001.onetakeda.com by onetakeda\urg9573 on 11/17/2021 12:23:39 AM
-- Deployed from JPTYOTAGAPT001 by onetakeda\xzx8837 on 02/25/2022 09:37:30 AM</tes:notes><tes:concurrencytype>6</tes:concurrencytype><tes:tags/><tes:ftpusername>REMOTERUNTIME\D001000001</tes:ftpusername><tes:ownername>AppSrvc-NonHealthcare-JP</tes:ownername><tes:runtimeusername>REMOTERUNTIME\D001000001</tes:runtimeusername><tes:localusername>ONETAKEDA\SVC-1077817</tes:localusername></tes:ftpjob></entry><entry><tes:ftpjob><tes:anonymous>N</tes:anonymous><tes:asciiformat>N</tes:asciiformat><tes:encryptioncypherselection>3DES,Blowfish,AES,AES192-CBC,AES128-CBC,AES256-CBC,AES192-CTR,AES128-CTR,AES256-CTR</tes:encryptioncypherselection><tes:ftphost>&lt;EBAGENT_FTP_HOST.787a58182bb47a991e6f7e9f339f072e&gt;</tes:ftphost><tes:filename>D001_D001000001_*_IN_EBAGENT_ZGN-SPY-PVT_ZENGIN_2780000503_1.txt.asc</tes:filename><tes:ftpoperation>2</tes:ftpoperation><tes:ftpparameters>2,"&lt;EBAGENT_FTP_HOST.787a58182bb47a991e6f7e9f339f072e&gt;","D001_D001000001_*_IN_EBAGENT_ZGN-SPY-PVT_ZENGIN_2780000503_1.txt.asc","",N,N,N</tes:ftpparameters><tes:ftpprotocol>sftp</tes:ftpprotocol><tes:ftpuserdomain>REMOTERUNTIME</tes:ftpuserdomain><tes:localpath>&lt;FSX-ROOT-PATH.74368bdee57d9959ae66fa0769b1cee9&gt;\EBAGENT\send\</tes:localpath><tes:newfilename/><tes:passphrase>eJwzTarUqYjWSTGMsat1dPMJD48AADadBcE=
====
</tes:passphrase><tes:privatekeylocation>&amp;lt;FSX-ROOT-PATH.57&amp;gt;\&amp;lt;EBAGENT_PRIVATE_KEY_LOCATION.75&amp;gt;</tes:privatekeylocation><tes:remotepath>/IN/</tes:remotepath><tes:replacefiles>N</tes:replacefiles><tes:userpasswordauthentication>N</tes:userpasswordauthentication><tes:type>6</tes:type><tes:typename>FTPJOB</tes:typename><tes:name>HUM072-010-0100-020-020-061</tes:name><tes:parentname>\HUE\HUM072\HUM072-010\HUM072-010-0100\HUM072-010-0100-020\HUM072-010-0100-020-020</tes:parentname><tes:active>N</tes:active><tes:effectivecalendarid>1</tes:effectivecalendarid><tes:alias>58308</tes:alias><tes:extendedinfo>&lt;ftp&gt;&lt;protocol&gt;sftp&lt;/protocol&gt;&lt;ssh&gt;0&lt;/ssh&gt;&lt;ecsp&gt;3DES,Blowfish,AES,AES192-CBC,AES128-CBC,AES256-CBC,AES192-CTR,AES128-CTR,AES256-CTR&lt;/ecsp&gt;&lt;auth&gt;2&lt;/auth&gt;&lt;kyfl&gt;&amp;lt;FSX-ROOT-PATH.57&amp;gt;\&amp;lt;EBAGENT_PRIVATE_KEY_LOCATION.75&amp;gt;&lt;/kyfl&gt;&lt;kypp&gt;eJwzTarUqYjWSTGMsat1dPMJD48AADadBcE=
====
&lt;/kypp&gt;&lt;/ftp&gt;</tes:extendedinfo><tes:businessunitname>JAPAN</tes:businessunitname><tes:successorsvalue>Y</tes:successorsvalue><tes:predecessorsvalue>Y</tes:predecessorsvalue><tes:breachoffset>0</tes:breachoffset><tes:riskoffset>0</tes:riskoffset><tes:critical>N</tes:critical><tes:childrencount>0</tes:childrencount><tes:effectiveagentid>0</tes:effectiveagentid><tes:agentlistname>GLOBALSCAPE-AGENT-LIST</tes:agentlistname><tes:agentlistfullname>\GLOBALSCAPE-AGENT-LIST</tes:agentlistfullname><tes:domain>REMOTERUNTIME</tes:domain><tes:allowunscheduled>Y</tes:allowunscheduled><tes:inheritcalendar>Y</tes:inheritcalendar><tes:inheritagent>N</tes:inheritagent><tes:inherittimewindow>N</tes:inherittimewindow><tes:parentactive>N</tes:parentactive><tes:timewindowoption>0</tes:timewindowoption><tes:command>&lt;FSX-ROOT-PATH.74368bdee57d9959ae66fa0769b1cee9&gt;\EBAGENT\send\</tes:command><tes:agentlistostype>1</tes:agentlistostype><tes:allowrerun>Y</tes:allowrerun><tes:calendaroffset>0</tes:calendaroffset><tes:concurrency>4</tes:concurrency><tes:dependencylogic>1</tes:dependencylogic><tes:disablecarryover>0</tes:disablecarryover><tes:durationestimated>15</tes:durationestimated><tes:durationmaximum>60</tes:durationmaximum><tes:durationminimum>60</tes:durationminimum><tes:estimatedmethod>1</tes:estimatedmethod><tes:excludeabnormalduration>4</tes:excludeabnormalduration><tes:exitcodenormaloperator>1</tes:exitcodenormaloperator><tes:fullpath>\HUE\HUM072\HUM072-010\HUM072-010-0100\HUM072-010-0100-020\HUM072-010-0100-020-020\HUM072-010-0100-020-020-061</tes:fullpath><tes:historyretention>60</tes:historyretention><tes:inheritoptions>Y</tes:inheritoptions><tes:inheritrepeat>Y</tes:inheritrepeat><tes:isnotes>false</tes:isnotes><tes:isrunbook>false</tes:isrunbook><tes:nearoutage>3</tes:nearoutage><tes:normalexitfromrange>0</tes:normalexitfromrange><tes:normalexittorange>0</tes:normalexittorange><tes:parameters>2,"&lt;EBAGENT_FTP_HOST.787a58182bb47a991e6f7e9f339f072e&gt;","D001_D001000001_*_IN_EBAGENT_ZGN-SPY-PVT_ZENGIN_2780000503_1.txt.asc","",N,N,N</tes:parameters><tes:priority>50</tes:priority><tes:repeat/><tes:rerundependency>N</tes:rerundependency><tes:saveoutputoption>Y</tes:saveoutputoption><tes:trackingmethod>1</tes:trackingmethod><tes:unixprofile>8192</tes:unixprofile><tes:waitOperator>N</tes:waitOperator><tes:waitoperator>N</tes:waitoperator><tes:environmentfile>/IN/</tes:environmentfile><tes:runbook/><tes:notes>-- Deployed from JPTYOTAGAD001.onetakeda.com by onetakeda\urg9573 on 11/17/2021 12:23:39 AM
-- Deployed from JPTYOTAGAPT001 by onetakeda\xzx8837 on 02/25/2022 09:37:47 AM</tes:notes><tes:concurrencytype>6</tes:concurrencytype><tes:tags/><tes:ftpusername>REMOTERUNTIME\D001000001</tes:ftpusername><tes:ownername>AppSrvc-NonHealthcare-JP</tes:ownername><tes:runtimeusername>REMOTERUNTIME\D001000001</tes:runtimeusername><tes:localusername>ONETAKEDA\SVC-1077817</tes:localusername></tes:ftpjob></entry><entry><tes:ftpjob><tes:anonymous>N</tes:anonymous><tes:asciiformat>N</tes:asciiformat><tes:encryptioncypherselection>3DES,Blowfish,AES,AES192-CBC,AES128-CBC,AES256-CBC,AES192-CTR,AES128-CTR,AES256-CTR</tes:encryptioncypherselection><tes:ftphost>&lt;EBAGENT_FTP_HOST.787a58182bb47a991e6f7e9f339f072e&gt;</tes:ftphost><tes:filename>D001_D001000001_*_IN_EBAGENT_ZGN-SPY-JPB_ZENGIN_2780990001_1.txt.asc</tes:filename><tes:ftpoperation>2</tes:ftpoperation><tes:ftpparameters>2,"&lt;EBAGENT_FTP_HOST.787a58182bb47a991e6f7e9f339f072e&gt;","D001_D001000001_*_IN_EBAGENT_ZGN-SPY-JPB_ZENGIN_2780990001_1.txt.asc","",N,N,N</tes:ftpparameters><tes:ftpprotocol>sftp</tes:ftpprotocol><tes:ftpuserdomain>REMOTERUNTIME</tes:ftpuserdomain><tes:localpath>&lt;FSX-ROOT-PATH.74368bdee57d9959ae66fa0769b1cee9&gt;\EBAGENT\send\</tes:localpath><tes:newfilename/><tes:passphrase>eJzLLNEzUYgxSa+OtVXycXNz8/YGADM3BUI=
====
</tes:passphrase><tes:privatekeylocation>&amp;lt;FSX-ROOT-PATH.57&amp;gt;\&amp;lt;EBAGENT_PRIVATE_KEY_LOCATION.75&amp;gt;</tes:privatekeylocation><tes:remotepath>/IN/</tes:remotepath><tes:replacefiles>N</tes:replacefiles><tes:userpasswordauthentication>N</tes:userpasswordauthentication><tes:type>6</tes:type><tes:typename>FTPJOB</tes:typename><tes:name>HUM071-010-040-020-020-061</tes:name><tes:parentname>\HUE\HUM071\HUM071-010\HUM071-010-040\HUM071-010-040-020\HUM071-010-040-020-020</tes:parentname><tes:active>N</tes:active><tes:effectivecalendarid>1</tes:effectivecalendarid><tes:alias>59532</tes:alias><tes:extendedinfo>&lt;ftp&gt;&lt;protocol&gt;sftp&lt;/protocol&gt;&lt;ssh&gt;0&lt;/ssh&gt;&lt;ecsp&gt;3DES,Blowfish,AES,AES192-CBC,AES128-CBC,AES256-CBC,AES192-CTR,AES128-CTR,AES256-CTR&lt;/ecsp&gt;&lt;auth&gt;2&lt;/auth&gt;&lt;kyfl&gt;&amp;lt;FSX-ROOT-PATH.57&amp;gt;\&amp;lt;EBAGENT_PRIVATE_KEY_LOCATION.75&amp;gt;&lt;/kyfl&gt;&lt;kypp&gt;eJzLLNEzUYgxSa+OtVXycXNz8/YGADM3BUI=
====
&lt;/kypp&gt;&lt;/ftp&gt;</tes:extendedinfo><tes:businessunitname>JAPAN</tes:businessunitname><tes:successorsvalue>Y</tes:successorsvalue><tes:predecessorsvalue>Y</tes:predecessorsvalue><tes:breachoffset>0</tes:breachoffset><tes:riskoffset>0</tes:riskoffset><tes:critical>N</tes:critical><tes:childrencount>0</tes:childrencount><tes:effectiveagentid>0</tes:effectiveagentid><tes:agentlistname>GLOBALSCAPE-AGENT-LIST</tes:agentlistname><tes:agentlistfullname>\GLOBALSCAPE-AGENT-LIST</tes:agentlistfullname><tes:domain>REMOTERUNTIME</tes:domain><tes:allowunscheduled>Y</tes:allowunscheduled><tes:inheritcalendar>Y</tes:inheritcalendar><tes:inheritagent>N</tes:inheritagent><tes:inherittimewindow>N</tes:inherittimewindow><tes:parentactive>N</tes:parentactive><tes:timewindowoption>0</tes:timewindowoption><tes:command>&lt;FSX-ROOT-PATH.74368bdee57d9959ae66fa0769b1cee9&gt;\EBAGENT\send\</tes:command><tes:agentlistostype>1</tes:agentlistostype><tes:allowrerun>Y</tes:allowrerun><tes:calendaroffset>0</tes:calendaroffset><tes:concurrency>4</tes:concurrency><tes:dependencylogic>1</tes:dependencylogic><tes:disablecarryover>0</tes:disablecarryover><tes:durationestimated>17</tes:durationestimated><tes:durationmaximum>60</tes:durationmaximum><tes:durationminimum>60</tes:durationminimum><tes:estimatedmethod>1</tes:estimatedmethod><tes:excludeabnormalduration>4</tes:excludeabnormalduration><tes:exitcodenormaloperator>1</tes:exitcodenormaloperator><tes:fullpath>\HUE\HUM071\HUM071-010\HUM071-010-040\HUM071-010-040-020\HUM071-010-040-020-020\HUM071-010-040-020-020-061</tes:fullpath><tes:historyretention>60</tes:historyretention><tes:inheritoptions>Y</tes:inheritoptions><tes:inheritrepeat>Y</tes:inheritrepeat><tes:isnotes>false</tes:isnotes><tes:isrunbook>false</tes:isrunbook><tes:nearoutage>3</tes:nearoutage><tes:normalexitfromrange>0</tes:normalexitfromrange><tes:normalexittorange>0</tes:normalexittorange><tes:parameters>2,"&lt;EBAGENT_FTP_HOST.787a58182bb47a991e6f7e9f339f072e&gt;","D001_D001000001_*_IN_EBAGENT_ZGN-SPY-JPB_ZENGIN_2780990001_1.txt.asc","",N,N,N</tes:parameters><tes:priority>50</tes:priority><tes:repeat/><tes:rerundependency>N</tes:rerundependency><tes:saveoutputoption>Y</tes:saveoutputoption><tes:trackingmethod>1</tes:trackingmethod><tes:unixprofile>8192</tes:unixprofile><tes:waitOperator>N</tes:waitOperator><tes:waitoperator>N</tes:waitoperator><tes:environmentfile>/IN/</tes:environmentfile><tes:runbook/><tes:notes>-- Deployed from JPTYOTAGAD001.onetakeda.com by onetakeda\urg9573 on 11/17/2021 12:23:39 AM
-- Deployed from JPTYOTAGAPT001 by onetakeda\xzx8837 on 02/25/2022 09:40:36 AM</tes:notes><tes:concurrencytype>6</tes:concurrencytype><tes:tags/><tes:ftpusername>REMOTERUNTIME\D001000001</tes:ftpusername><tes:ownername>AppSrvc-NonHealthcare-JP</tes:ownername><tes:runtimeusername>REMOTERUNTIME\D001000001</tes:runtimeusername><tes:localusername>ONETAKEDA\SVC-1077817</tes:localusername></tes:ftpjob></entry><entry><tes:ftpjob><tes:anonymous>N</tes:anonymous><tes:asciiformat>N</tes:asciiformat><tes:encryptioncypherselection>3DES,Blowfish,AES,AES192-CBC,AES128-CBC,AES256-CBC,AES192-CTR,AES128-CTR,AES256-CTR</tes:encryptioncypherselection><tes:ftphost>&lt;EBAGENT_FTP_HOST.787a58182bb47a991e6f7e9f339f072e&gt;</tes:ftphost><tes:filename>D001_D001000001_*_IN_EBAGENT_ZGN-SPY-PVT_ZENGIN_2780000103_1.txt.asc</tes:filename><tes:ftpoperation>2</tes:ftpoperation><tes:ftpparameters>2,"&lt;EBAGENT_FTP_HOST.787a58182bb47a991e6f7e9f339f072e&gt;","D001_D001000001_*_IN_EBAGENT_ZGN-SPY-PVT_ZENGIN_2780000103_1.txt.asc","",N,N,N</tes:ftpparameters><tes:ftpprotocol>sftp</tes:ftpprotocol><tes:ftpuserdomain>REMOTERUNTIME</tes:ftpuserdomain><tes:localpath>&lt;FSX-ROOT-PATH.74368bdee57d9959ae66fa0769b1cee9&gt;\EBAGENT\send\</tes:localpath><tes:newfilename/><tes:passphrase>eJwLS4qMsrGMKlW31011i4jw8HADADU0BXQ=
====
</tes:passphrase><tes:privatekeylocation>&amp;lt;FSX-ROOT-PATH.57&amp;gt;\&amp;lt;EBAGENT_PRIVATE_KEY_LOCATION.75&amp;gt;</tes:privatekeylocation><tes:remotepath>/IN/</tes:remotepath><tes:replacefiles>N</tes:replacefiles><tes:userpasswordauthentication>N</tes:userpasswordauthentication><tes:type>6</tes:type><tes:typename>FTPJOB</tes:typename><tes:name>HUM071-010-030-020-020-061</tes:name><tes:parentname>\HUE\HUM071\HUM071-010\HUM071-010-030\HUM071-010-030-020\HUM071-010-030-020-020</tes:parentname><tes:active>N</tes:active><tes:effectivecalendarid>1</tes:effectivecalendarid><tes:alias>59528</tes:alias><tes:extendedinfo>&lt;ftp&gt;&lt;protocol&gt;sftp&lt;/protocol&gt;&lt;ssh&gt;0&lt;/ssh&gt;&lt;ecsp&gt;3DES,Blowfish,AES,AES192-CBC,AES128-CBC,AES256-CBC,AES192-CTR,AES128-CTR,AES256-CTR&lt;/ecsp&gt;&lt;auth&gt;2&lt;/auth&gt;&lt;kyfl&gt;&amp;lt;FSX-ROOT-PATH.57&amp;gt;\&amp;lt;EBAGENT_PRIVATE_KEY_LOCATION.75&amp;gt;&lt;/kyfl&gt;&lt;kypp&gt;eJwLS4qMsrGMKlW31011i4jw8HADADU0BXQ=
====
&lt;/kypp&gt;&lt;/ftp&gt;</tes:extendedinfo><tes:businessunitname>JAPAN</tes:businessunitname><tes:successorsvalue>Y</tes:successorsvalue><tes:predecessorsvalue>Y</tes:predecessorsvalue><tes:breachoffset>0</tes:breachoffset><tes:riskoffset>0</tes:riskoffset><tes:critical>N</tes:critical><tes:childrencount>0</tes:childrencount><tes:effectiveagentid>0</tes:effectiveagentid><tes:agentlistname>GLOBALSCAPE-AGENT-LIST</tes:agentlistname><tes:agentlistfullname>\GLOBALSCAPE-AGENT-LIST</tes:agentlistfullname><tes:domain>REMOTERUNTIME</tes:domain><tes:allowunscheduled>Y</tes:allowunscheduled><tes:inheritcalendar>Y</tes:inheritcalendar><tes:inheritagent>N</tes:inheritagent><tes:inherittimewindow>N</tes:inherittimewindow><tes:parentactive>N</tes:parentactive><tes:timewindowoption>0</tes:timewindowoption><tes:command>&lt;FSX-ROOT-PATH.74368bdee57d9959ae66fa0769b1cee9&gt;\EBAGENT\send\</tes:command><tes:agentlistostype>1</tes:agentlistostype><tes:allowrerun>Y</tes:allowrerun><tes:calendaroffset>0</tes:calendaroffset><tes:concurrency>4</tes:concurrency><tes:dependencylogic>1</tes:dependencylogic><tes:disablecarryover>0</tes:disablecarryover><tes:durationestimated>13</tes:durationestimated><tes:durationmaximum>60</tes:durationmaximum><tes:durationminimum>60</tes:durationminimum><tes:estimatedmethod>1</tes:estimatedmethod><tes:excludeabnormalduration>4</tes:excludeabnormalduration><tes:exitcodenormaloperator>1</tes:exitcodenormaloperator><tes:fullpath>\HUE\HUM071\HUM071-010\HUM071-010-030\HUM071-010-030-020\HUM071-010-030-020-020\HUM071-010-030-020-020-061</tes:fullpath><tes:historyretention>60</tes:historyretention><tes:inheritoptions>Y</tes:inheritoptions><tes:inheritrepeat>Y</tes:inheritrepeat><tes:isnotes>false</tes:isnotes><tes:isrunbook>false</tes:isrunbook><tes:nearoutage>3</tes:nearoutage><tes:normalexitfromrange>0</tes:normalexitfromrange><tes:normalexittorange>0</tes:normalexittorange><tes:parameters>2,"&lt;EBAGENT_FTP_HOST.787a58182bb47a991e6f7e9f339f072e&gt;","D001_D001000001_*_IN_EBAGENT_ZGN-SPY-PVT_ZENGIN_2780000103_1.txt.asc","",N,N,N</tes:parameters><tes:priority>50</tes:priority><tes:repeat/><tes:rerundependency>N</tes:rerundependency><tes:saveoutputoption>Y</tes:saveoutputoption><tes:trackingmethod>1</tes:trackingmethod><tes:unixprofile>8192</tes:unixprofile><tes:waitOperator>N</tes:waitOperator><tes:waitoperator>N</tes:waitoperator><tes:environmentfile>/IN/</tes:environmentfile><tes:runbook/><tes:notes>-- Deployed from JPTYOTAGAD001.onetakeda.com by onetakeda\urg9573 on 11/17/2021 12:23:39 AM
-- Deployed from JPTYOTAGAPT001 by onetakeda\xzx8837 on 02/25/2022 09:42:50 AM</tes:notes><tes:concurrencytype>6</tes:concurrencytype><tes:tags/><tes:ftpusername>REMOTERUNTIME\D001000001</tes:ftpusername><tes:ownername>AppSrvc-NonHealthcare-JP</tes:ownername><tes:runtimeusername>REMOTERUNTIME\D001000001</tes:runtimeusername><tes:localusername>ONETAKEDA\SVC-1077817</tes:localusername></tes:ftpjob></entry><entry><tes:ftpjob><tes:anonymous>N</tes:anonymous><tes:asciiformat>N</tes:asciiformat><tes:encryptioncypherselection>3DES,Blowfish,AES,AES192-CBC,AES128-CBC,AES256-CBC,AES192-CTR,AES128-CTR,AES256-CTR</tes:encryptioncypherselection><tes:ftphost>&lt;EBAGENT_FTP_HOST.787a58182bb47a991e6f7e9f339f072e&gt;</tes:ftphost><tes:filename>D001_D001000001_*_IN_EBAGENT_ZGN-SPY-PVT_ZENGIN_2780000903_1.txt.asc</tes:filename><tes:ftpoperation>2</tes:ftpoperation><tes:ftpparameters>2,"&lt;EBAGENT_FTP_HOST.787a58182bb47a991e6f7e9f339f072e&gt;","D001_D001000001_*_IN_EBAGENT_ZGN-SPY-PVT_ZENGIN_2780000903_1.txt.asc","",N,N,N</tes:ftpparameters><tes:ftpprotocol>sftp</tes:ftpprotocol><tes:ftpuserdomain>REMOTERUNTIME</tes:ftpuserdomain><tes:localpath>&lt;FSX-ROOT-PATH.74368bdee57d9959ae66fa0769b1cee9&gt;\EBAGENT\send\</tes:localpath><tes:newfilename/><tes:passphrase>eJzzKlEviHMv8KkLybaM9A728I4EADqkBhA=
====
</tes:passphrase><tes:privatekeylocation>&amp;lt;FSX-ROOT-PATH.57&amp;gt;\&amp;lt;EBAGENT_PRIVATE_KEY_LOCATION.75&amp;gt;</tes:privatekeylocation><tes:remotepath>/IN/</tes:remotepath><tes:replacefiles>N</tes:replacefiles><tes:userpasswordauthentication>N</tes:userpasswordauthentication><tes:type>6</tes:type><tes:typename>FTPJOB</tes:typename><tes:name>HUM071-010-020-020-020-061</tes:name><tes:parentname>\HUE\HUM071\HUM071-010\HUM071-010-020\HUM071-010-020-020\HUM071-010-020-020-020</tes:parentname><tes:active>N</tes:active><tes:effectivecalendarid>1</tes:effectivecalendarid><tes:alias>59523</tes:alias><tes:extendedinfo>&lt;ftp&gt;&lt;protocol&gt;sftp&lt;/protocol&gt;&lt;ssh&gt;0&lt;/ssh&gt;&lt;ecsp&gt;3DES,Blowfish,AES,AES192-CBC,AES128-CBC,AES256-CBC,AES192-CTR,AES128-CTR,AES256-CTR&lt;/ecsp&gt;&lt;auth&gt;2&lt;/auth&gt;&lt;kyfl&gt;&amp;lt;FSX-ROOT-PATH.57&amp;gt;\&amp;lt;EBAGENT_PRIVATE_KEY_LOCATION.75&amp;gt;&lt;/kyfl&gt;&lt;kypp&gt;eJzzKlEviHMv8KkLybaM9A728I4EADqkBhA=
====
&lt;/kypp&gt;&lt;/ftp&gt;</tes:extendedinfo><tes:businessunitname>JAPAN</tes:businessunitname><tes:successorsvalue>Y</tes:successorsvalue><tes:predecessorsvalue>Y</tes:predecessorsvalue><tes:breachoffset>0</tes:breachoffset><tes:riskoffset>0</tes:riskoffset><tes:critical>N</tes:critical><tes:childrencount>0</tes:childrencount><tes:effectiveagentid>0</tes:effectiveagentid><tes:agentlistname>GLOBALSCAPE-AGENT-LIST</tes:agentlistname><tes:agentlistfullname>\GLOBALSCAPE-AGENT-LIST</tes:agentlistfullname><tes:domain>REMOTERUNTIME</tes:domain><tes:allowunscheduled>Y</tes:allowunscheduled><tes:inheritcalendar>Y</tes:inheritcalendar><tes:inheritagent>N</tes:inheritagent><tes:inherittimewindow>N</tes:inherittimewindow><tes:parentactive>N</tes:parentactive><tes:timewindowoption>0</tes:timewindowoption><tes:command>&lt;FSX-ROOT-PATH.74368bdee57d9959ae66fa0769b1cee9&gt;\EBAGENT\send\</tes:command><tes:agentlistostype>1</tes:agentlistostype><tes:allowrerun>Y</tes:allowrerun><tes:calendaroffset>0</tes:calendaroffset><tes:concurrency>4</tes:concurrency><tes:dependencylogic>1</tes:dependencylogic><tes:disablecarryover>0</tes:disablecarryover><tes:durationestimated>13</tes:durationestimated><tes:durationmaximum>60</tes:durationmaximum><tes:durationminimum>60</tes:durationminimum><tes:estimatedmethod>1</tes:estimatedmethod><tes:excludeabnormalduration>4</tes:excludeabnormalduration><tes:exitcodenormaloperator>1</tes:exitcodenormaloperator><tes:fullpath>\HUE\HUM071\HUM071-010\HUM071-010-020\HUM071-010-020-020\HUM071-010-020-020-020\HUM071-010-020-020-020-061</tes:fullpath><tes:historyretention>60</tes:historyretention><tes:inheritoptions>Y</tes:inheritoptions><tes:inheritrepeat>Y</tes:inheritrepeat><tes:isnotes>false</tes:isnotes><tes:isrunbook>false</tes:isrunbook><tes:nearoutage>3</tes:nearoutage><tes:normalexitfromrange>0</tes:normalexitfromrange><tes:normalexittorange>0</tes:normalexittorange><tes:parameters>2,"&lt;EBAGENT_FTP_HOST.787a58182bb47a991e6f7e9f339f072e&gt;","D001_D001000001_*_IN_EBAGENT_ZGN-SPY-PVT_ZENGIN_2780000903_1.txt.asc","",N,N,N</tes:parameters><tes:priority>50</tes:priority><tes:repeat/><tes:rerundependency>N</tes:rerundependency><tes:saveoutputoption>Y</tes:saveoutputoption><tes:trackingmethod>1</tes:trackingmethod><tes:unixprofile>8192</tes:unixprofile><tes:waitOperator>N</tes:waitOperator><tes:waitoperator>N</tes:waitoperator><tes:environmentfile>/IN/</tes:environmentfile><tes:runbook/><tes:notes>-- Deployed from JPTYOTAGAD001.onetakeda.com by onetakeda\urg9573 on 11/17/2021 12:23:39 AM
-- Deployed from JPTYOTAGAPT001 by onetakeda\xzx8837 on 02/25/2022 09:45:38 AM</tes:notes><tes:concurrencytype>6</tes:concurrencytype><tes:tags/><tes:ftpusername>REMOTERUNTIME\D001000001</tes:ftpusername><tes:ownername>AppSrvc-NonHealthcare-JP</tes:ownername><tes:runtimeusername>REMOTERUNTIME\D001000001</tes:runtimeusername><tes:localusername>ONETAKEDA\SVC-1077817</tes:localusername></tes:ftpjob></entry><entry><tes:ftpjob><tes:anonymous>N</tes:anonymous><tes:asciiformat>N</tes:asciiformat><tes:encryptioncypherselection>3DES,Blowfish,AES,AES192-CBC,AES128-CBC,AES256-CBC,AES192-CTR,AES128-CTR,AES256-CTR</tes:encryptioncypherselection><tes:ftphost>&lt;EBAGENT_FTP_HOST.787a58182bb47a991e6f7e9f339f072e&gt;</tes:ftphost><tes:filename>D001_D001000001_*_IN_EBAGENT_ZGN-SPY-PVT_ZENGIN_2780000503_1.txt.asc</tes:filename><tes:ftpoperation>2</tes:ftpoperation><tes:ftpparameters>2,"&lt;EBAGENT_FTP_HOST.787a58182bb47a991e6f7e9f339f072e&gt;","D001_D001000001_*_IN_EBAGENT_ZGN-SPY-PVT_ZENGIN_2780000503_1.txt.asc","",N,N,N</tes:ftpparameters><tes:ftpprotocol>sftp</tes:ftpprotocol><tes:ftpuserdomain>REMOTERUNTIME</tes:ftpuserdomain><tes:localpath>&lt;FSX-ROOT-PATH.74368bdee57d9959ae66fa0769b1cee9&gt;\EBAGENT\send\</tes:localpath><tes:newfilename/><tes:passphrase>eJzzCsuL9zSLt1RxjAvy8I709nYDADQ3BWI=
====
</tes:passphrase><tes:privatekeylocation>&amp;lt;FSX-ROOT-PATH.57&amp;gt;\&amp;lt;EBAGENT_PRIVATE_KEY_LOCATION.75&amp;gt;</tes:privatekeylocation><tes:remotepath>/IN/</tes:remotepath><tes:replacefiles>N</tes:replacefiles><tes:userpasswordauthentication>N</tes:userpasswordauthentication><tes:type>6</tes:type><tes:typename>FTPJOB</tes:typename><tes:name>HUM071-010-010-020-020-061</tes:name><tes:parentname>\HUE\HUM071\HUM071-010\HUM071-010-010\HUM071-010-010-020\HUM071-010-010-020-020</tes:parentname><tes:active>N</tes:active><tes:effectivecalendarid>1</tes:effectivecalendarid><tes:alias>59519</tes:alias><tes:extendedinfo>&lt;ftp&gt;&lt;protocol&gt;sftp&lt;/protocol&gt;&lt;ssh&gt;0&lt;/ssh&gt;&lt;ecsp&gt;3DES,Blowfish,AES,AES192-CBC,AES128-CBC,AES256-CBC,AES192-CTR,AES128-CTR,AES256-CTR&lt;/ecsp&gt;&lt;auth&gt;2&lt;/auth&gt;&lt;kyfl&gt;&amp;lt;FSX-ROOT-PATH.57&amp;gt;\&amp;lt;EBAGENT_PRIVATE_KEY_LOCATION.75&amp;gt;&lt;/kyfl&gt;&lt;kypp&gt;eJzzCsuL9zSLt1RxjAvy8I709nYDADQ3BWI=
====
&lt;/kypp&gt;&lt;/ftp&gt;</tes:extendedinfo><tes:businessunitname>JAPAN</tes:businessunitname><tes:successorsvalue>Y</tes:successorsvalue><tes:predecessorsvalue>Y</tes:predecessorsvalue><tes:breachoffset>0</tes:breachoffset><tes:riskoffset>0</tes:riskoffset><tes:critical>N</tes:critical><tes:childrencount>0</tes:childrencount><tes:effectiveagentid>0</tes:effectiveagentid><tes:agentlistname>GLOBALSCAPE-AGENT-LIST</tes:agentlistname><tes:agentlistfullname>\GLOBALSCAPE-AGENT-LIST</tes:agentlistfullname><tes:domain>REMOTERUNTIME</tes:domain><tes:allowunscheduled>Y</tes:allowunscheduled><tes:inheritcalendar>Y</tes:inheritcalendar><tes:inheritagent>N</tes:inheritagent><tes:inherittimewindow>N</tes:inherittimewindow><tes:parentactive>N</tes:parentactive><tes:timewindowoption>0</tes:timewindowoption><tes:command>&lt;FSX-ROOT-PATH.74368bdee57d9959ae66fa0769b1cee9&gt;\EBAGENT\send\</tes:command><tes:agentlistostype>1</tes:agentlistostype><tes:allowrerun>Y</tes:allowrerun><tes:calendaroffset>0</tes:calendaroffset><tes:concurrency>4</tes:concurrency><tes:dependencylogic>1</tes:dependencylogic><tes:disablecarryover>0</tes:disablecarryover><tes:durationestimated>16</tes:durationestimated><tes:durationmaximum>60</tes:durationmaximum><tes:durationminimum>60</tes:durationminimum><tes:estimatedmethod>1</tes:estimatedmethod><tes:excludeabnormalduration>4</tes:excludeabnormalduration><tes:exitcodenormaloperator>1</tes:exitcodenormaloperator><tes:fullpath>\HUE\HUM071\HUM071-010\HUM071-010-010\HUM071-010-010-020\HUM071-010-010-020-020\HUM071-010-010-020-020-061</tes:fullpath><tes:historyretention>60</tes:historyretention><tes:inheritoptions>Y</tes:inheritoptions><tes:inheritrepeat>Y</tes:inheritrepeat><tes:isnotes>false</tes:isnotes><tes:isrunbook>false</tes:isrunbook><tes:nearoutage>3</tes:nearoutage><tes:normalexitfromrange>0</tes:normalexitfromrange><tes:normalexittorange>0</tes:normalexittorange><tes:parameters>2,"&lt;EBAGENT_FTP_HOST.787a58182bb47a991e6f7e9f339f072e&gt;","D001_D001000001_*_IN_EBAGENT_ZGN-SPY-PVT_ZENGIN_2780000503_1.txt.asc","",N,N,N</tes:parameters><tes:priority>50</tes:priority><tes:repeat/><tes:rerundependency>N</tes:rerundependency><tes:saveoutputoption>Y</tes:saveoutputoption><tes:trackingmethod>1</tes:trackingmethod><tes:unixprofile>8192</tes:unixprofile><tes:waitOperator>N</tes:waitOperator><tes:waitoperator>N</tes:waitoperator><tes:environmentfile>/IN/</tes:environmentfile><tes:runbook/><tes:notes>-- Deployed from JPTYOTAGAD001.onetakeda.com by onetakeda\urg9573 on 11/17/2021 12:23:39 AM
-- Deployed from JPTYOTAGAPT001 by onetakeda\xzx8837 on 02/25/2022 09:47:30 AM</tes:notes><tes:concurrencytype>6</tes:concurrencytype><tes:tags/><tes:ftpusername>REMOTERUNTIME\D001000001</tes:ftpusername><tes:ownername>AppSrvc-NonHealthcare-JP</tes:ownername><tes:runtimeusername>REMOTERUNTIME\D001000001</tes:runtimeusername><tes:localusername>ONETAKEDA\SVC-1077817</tes:localusername></tes:ftpjob></entry><entry><tes:ftpjob><tes:anonymous>N</tes:anonymous><tes:asciiformat>N</tes:asciiformat><tes:encryptioncypherselection>3DES,Blowfish,AES,AES192-CBC,AES128-CBC,AES256-CBC,AES192-CTR,AES128-CTR,AES256-CTR</tes:encryptioncypherselection><tes:ftphost>&lt;EBAGENT_FTP_HOST.787a58182bb47a991e6f7e9f339f072e&gt;</tes:ftphost><tes:filename>D001_D001000001_*_IN_EBAGENT_ZGN-SPY-JPB_ZENGIN_2780990001_1.txt.asc</tes:filename><tes:ftpoperation>2</tes:ftpoperation><tes:ftpparameters>2,"&lt;EBAGENT_FTP_HOST.787a58182bb47a991e6f7e9f339f072e&gt;","D001_D001000001_*_IN_EBAGENT_ZGN-SPY-JPB_ZENGIN_2780990001_1.txt.asc","",N,N,N</tes:ftpparameters><tes:ftpprotocol>sftp</tes:ftpprotocol><tes:ftpuserdomain>REMOTERUNTIME</tes:ftpuserdomain><tes:localpath>&lt;FSX-ROOT-PATH.74368bdee57d9959ae66fa0769b1cee9&gt;\EBAGENT\send\</tes:localpath><tes:newfilename/><tes:passphrase>eJwLKzEuV7cpVy3Ltsj0jvB29PYAADeZBbg=
====
</tes:passphrase><tes:privatekeylocation>&amp;lt;FSX-ROOT-PATH.57&amp;gt;\&amp;lt;EBAGENT_PRIVATE_KEY_LOCATION.75&amp;gt;</tes:privatekeylocation><tes:remotepath>/IN/</tes:remotepath><tes:replacefiles>N</tes:replacefiles><tes:userpasswordauthentication>N</tes:userpasswordauthentication><tes:type>6</tes:type><tes:typename>FTPJOB</tes:typename><tes:name>HUM031-010-040-020-020-061</tes:name><tes:parentname>\HUE\HUM031\HUM031-010\HUM031-010-040\HUM031-010-040-020\HUM031-010-040-020-020</tes:parentname><tes:active>N</tes:active><tes:effectivecalendarid>1</tes:effectivecalendarid><tes:alias>58304</tes:alias><tes:extendedinfo>&lt;ftp&gt;&lt;protocol&gt;sftp&lt;/protocol&gt;&lt;ssh&gt;0&lt;/ssh&gt;&lt;ecsp&gt;3DES,Blowfish,AES,AES192-CBC,AES128-CBC,AES256-CBC,AES192-CTR,AES128-CTR,AES256-CTR&lt;/ecsp&gt;&lt;auth&gt;2&lt;/auth&gt;&lt;kyfl&gt;&amp;lt;FSX-ROOT-PATH.57&amp;gt;\&amp;lt;EBAGENT_PRIVATE_KEY_LOCATION.75&amp;gt;&lt;/kyfl&gt;&lt;kypp&gt;eJwLKzEuV7cpVy3Ltsj0jvB29PYAADeZBbg=
====
&lt;/kypp&gt;&lt;/ftp&gt;</tes:extendedinfo><tes:businessunitname>JAPAN</tes:businessunitname><tes:successorsvalue>Y</tes:successorsvalue><tes:predecessorsvalue>Y</tes:predecessorsvalue><tes:breachoffset>0</tes:breachoffset><tes:riskoffset>0</tes:riskoffset><tes:critical>N</tes:critical><tes:childrencount>0</tes:childrencount><tes:effectiveagentid>0</tes:effectiveagentid><tes:agentlistname>GLOBALSCAPE-AGENT-LIST</tes:agentlistname><tes:agentlistfullname>\GLOBALSCAPE-AGENT-LIST</tes:agentlistfullname><tes:domain>REMOTERUNTIME</tes:domain><tes:allowunscheduled>Y</tes:allowunscheduled><tes:inheritcalendar>Y</tes:inheritcalendar><tes:inheritagent>N</tes:inheritagent><tes:inherittimewindow>N</tes:inherittimewindow><tes:parentactive>N</tes:parentactive><tes:timewindowoption>0</tes:timewindowoption><tes:command>&lt;FSX-ROOT-PATH.74368bdee57d9959ae66fa0769b1cee9&gt;\EBAGENT\send\</tes:command><tes:agentlistostype>1</tes:agentlistostype><tes:allowrerun>Y</tes:allowrerun><tes:calendaroffset>0</tes:calendaroffset><tes:concurrency>4</tes:concurrency><tes:dependencylogic>1</tes:dependencylogic><tes:disablecarryover>0</tes:disablecarryover><tes:durationestimated>15</tes:durationestimated><tes:durationmaximum>60</tes:durationmaximum><tes:durationminimum>60</tes:durationminimum><tes:estimatedmethod>1</tes:estimatedmethod><tes:excludeabnormalduration>4</tes:excludeabnormalduration><tes:exitcodenormaloperator>1</tes:exitcodenormaloperator><tes:fullpath>\HUE\HUM031\HUM031-010\HUM031-010-040\HUM031-010-040-020\HUM031-010-040-020-020\HUM031-010-040-020-020-061</tes:fullpath><tes:historyretention>60</tes:historyretention><tes:inheritoptions>Y</tes:inheritoptions><tes:inheritrepeat>Y</tes:inheritrepeat><tes:isnotes>false</tes:isnotes><tes:isrunbook>false</tes:isrunbook><tes:nearoutage>3</tes:nearoutage><tes:normalexitfromrange>0</tes:normalexitfromrange><tes:normalexittorange>0</tes:normalexittorange><tes:parameters>2,"&lt;EBAGENT_FTP_HOST.787a58182bb47a991e6f7e9f339f072e&gt;","D001_D001000001_*_IN_EBAGENT_ZGN-SPY-JPB_ZENGIN_2780990001_1.txt.asc","",N,N,N</tes:parameters><tes:priority>50</tes:priority><tes:repeat/><tes:rerundependency>N</tes:rerundependency><tes:saveoutputoption>Y</tes:saveoutputoption><tes:trackingmethod>1</tes:trackingmethod><tes:unixprofile>8192</tes:unixprofile><tes:waitOperator>N</tes:waitOperator><tes:waitoperator>N</tes:waitoperator><tes:environmentfile>/IN/</tes:environmentfile><tes:runbook/><tes:notes>-- Deployed from JPTYOTAGAD001.onetakeda.com by onetakeda\urg9573 on 11/17/2021 12:23:39 AM
-- Deployed from JPTYOTAGAPT001 by onetakeda\xzx8837 on 02/25/2022 09:55:59 AM</tes:notes><tes:concurrencytype>6</tes:concurrencytype><tes:tags/><tes:ftpusername>REMOTERUNTIME\D001000001</tes:ftpusername><tes:ownername>AppSrvc-NonHealthcare-JP</tes:ownername><tes:runtimeusername>REMOTERUNTIME\D001000001</tes:runtimeusername><tes:localusername>ONETAKEDA\SVC-1077817</tes:localusername></tes:ftpjob></entry><entry><tes:ftpjob><tes:anonymous>N</tes:anonymous><tes:asciiformat>N</tes:asciiformat><tes:encryptioncypherselection>3DES,Blowfish,AES,AES192-CBC,AES128-CBC,AES256-CBC,AES192-CTR,AES128-CTR,AES256-CTR</tes:encryptioncypherselection><tes:ftphost>&lt;EBAGENT_FTP_HOST.787a58182bb47a991e6f7e9f339f072e&gt;</tes:ftphost><tes:filename>D001_D001000001_*_IN_EBAGENT_ZGN-SPY-PVT_ZENGIN_2780000103_1.txt.asc</tes:filename><tes:ftpoperation>2</tes:ftpoperation><tes:ftpparameters>2,"&lt;EBAGENT_FTP_HOST.787a58182bb47a991e6f7e9f339f072e&gt;","D001_D001000001_*_IN_EBAGENT_ZGN-SPY-PVT_ZENGIN_2780000103_1.txt.asc","",N,N,N</tes:ftpparameters><tes:ftpprotocol>sftp</tes:ftpprotocol><tes:ftpuserdomain>REMOTERUNTIME</tes:ftpuserdomain><tes:localpath>&lt;FSX-ROOT-PATH.74368bdee57d9959ae66fa0769b1cee9&gt;\EBAGENT\send\</tes:localpath><tes:newfilename/><tes:passphrase>eJwzda3xsFPycNXzi0jxcQt3DPcGADASBTA=
====
</tes:passphrase><tes:privatekeylocation>&amp;lt;FSX-ROOT-PATH.57&amp;gt;\&amp;lt;EBAGENT_PRIVATE_KEY_LOCATION.75&amp;gt;</tes:privatekeylocation><tes:remotepath>/IN/</tes:remotepath><tes:replacefiles>N</tes:replacefiles><tes:userpasswordauthentication>N</tes:userpasswordauthentication><tes:type>6</tes:type><tes:typename>FTPJOB</tes:typename><tes:name>HUM031-010-030-020-020-061</tes:name><tes:parentname>\HUE\HUM031\HUM031-010\HUM031-010-030\HUM031-010-030-020\HUM031-010-030-020-020</tes:parentname><tes:active>N</tes:active><tes:effectivecalendarid>1</tes:effectivecalendarid><tes:alias>58300</tes:alias><tes:extendedinfo>&lt;ftp&gt;&lt;protocol&gt;sftp&lt;/protocol&gt;&lt;ssh&gt;0&lt;/ssh&gt;&lt;ecsp&gt;3DES,Blowfish,AES,AES192-CBC,AES128-CBC,AES256-CBC,AES192-CTR,AES128-CTR,AES256-CTR&lt;/ecsp&gt;&lt;auth&gt;2&lt;/auth&gt;&lt;kyfl&gt;&amp;lt;FSX-ROOT-PATH.57&amp;gt;\&amp;lt;EBAGENT_PRIVATE_KEY_LOCATION.75&amp;gt;&lt;/kyfl&gt;&lt;kypp&gt;eJwzda3xsFPycNXzi0jxcQt3DPcGADASBTA=
====
&lt;/kypp&gt;&lt;/ftp&gt;</tes:extendedinfo><tes:businessunitname>JAPAN</tes:businessunitname><tes:successorsvalue>Y</tes:successorsvalue><tes:predecessorsvalue>Y</tes:predecessorsvalue><tes:breachoffset>0</tes:breachoffset><tes:riskoffset>0</tes:riskoffset><tes:critical>N</tes:critical><tes:childrencount>0</tes:childrencount><tes:effectiveagentid>0</tes:effectiveagentid><tes:agentlistname>GLOBALSCAPE-AGENT-LIST</tes:agentlistname><tes:agentlistfullname>\GLOBALSCAPE-AGENT-LIST</tes:agentlistfullname><tes:domain>REMOTERUNTIME</tes:domain><tes:allowunscheduled>Y</tes:allowunscheduled><tes:inheritcalendar>Y</tes:inheritcalendar><tes:inheritagent>N</tes:inheritagent><tes:inherittimewindow>N</tes:inherittimewindow><tes:parentactive>N</tes:parentactive><tes:timewindowoption>0</tes:timewindowoption><tes:command>&lt;FSX-ROOT-PATH.74368bdee57d9959ae66fa0769b1cee9&gt;\EBAGENT\send\</tes:command><tes:agentlistostype>1</tes:agentlistostype><tes:allowrerun>Y</tes:allowrerun><tes:calendaroffset>0</tes:calendaroffset><tes:concurrency>4</tes:concurrency><tes:dependencylogic>1</tes:dependencylogic><tes:disablecarryover>0</tes:disablecarryover><tes:durationestimated>15</tes:durationestimated><tes:durationmaximum>60</tes:durationmaximum><tes:durationminimum>60</tes:durationminimum><tes:estimatedmethod>1</tes:estimatedmethod><tes:excludeabnormalduration>4</tes:excludeabnormalduration><tes:exitcodenormaloperator>1</tes:exitcodenormaloperator><tes:fullpath>\HUE\HUM031\HUM031-010\HUM031-010-030\HUM031-010-030-020\HUM031-010-030-020-020\HUM031-010-030-020-020-061</tes:fullpath><tes:historyretention>60</tes:historyretention><tes:inheritoptions>Y</tes:inheritoptions><tes:inheritrepeat>Y</tes:inheritrepeat><tes:isnotes>false</tes:isnotes><tes:isrunbook>false</tes:isrunbook><tes:nearoutage>3</tes:nearoutage><tes:normalexitfromrange>0</tes:normalexitfromrange><tes:normalexittorange>0</tes:normalexittorange><tes:parameters>2,"&lt;EBAGENT_FTP_HOST.787a58182bb47a991e6f7e9f339f072e&gt;","D001_D001000001_*_IN_EBAGENT_ZGN-SPY-PVT_ZENGIN_2780000103_1.txt.asc","",N,N,N</tes:parameters><tes:priority>50</tes:priority><tes:repeat/><tes:rerundependency>N</tes:rerundependency><tes:saveoutputoption>Y</tes:saveoutputoption><tes:trackingmethod>1</tes:trackingmethod><tes:unixprofile>8192</tes:unixprofile><tes:waitOperator>N</tes:waitOperator><tes:waitoperator>N</tes:waitoperator><tes:environmentfile>/IN/</tes:environmentfile><tes:runbook/><tes:notes>-- Deployed from JPTYOTAGAD001.onetakeda.com by onetakeda\urg9573 on 11/17/2021 12:23:39 AM
-- Deployed from JPTYOTAGAPT001 by onetakeda\xzx8837 on 02/25/2022 09:56:16 AM</tes:notes><tes:concurrencytype>6</tes:concurrencytype><tes:tags/><tes:ftpusername>REMOTERUNTIME\D001000001</tes:ftpusername><tes:ownername>AppSrvc-NonHealthcare-JP</tes:ownername><tes:runtimeusername>REMOTERUNTIME\D001000001</tes:runtimeusername><tes:localusername>ONETAKEDA\SVC-1077817</tes:localusername></tes:ftpjob></entry><entry><tes:ftpjob><tes:anonymous>N</tes:anonymous><tes:asciiformat>N</tes:asciiformat><tes:encryptioncypherselection>3DES,Blowfish,AES,AES192-CBC,AES128-CBC,AES256-CBC,AES192-CTR,AES128-CTR,AES256-CTR</tes:encryptioncypherselection><tes:ftphost>&lt;EBAGENT_FTP_HOST.787a58182bb47a991e6f7e9f339f072e&gt;</tes:ftphost><tes:filename>D001_D001000001_*_IN_EBAGENT_ZGN-SPY-PVT_ZENGIN_2780000903_1.txt.asc</tes:filename><tes:ftpoperation>2</tes:ftpoperation><tes:ftpparameters>2,"&lt;EBAGENT_FTP_HOST.787a58182bb47a991e6f7e9f339f072e&gt;","D001_D001000001_*_IN_EBAGENT_ZGN-SPY-PVT_ZENGIN_2780000903_1.txt.asc","",N,N,N</tes:ftpparameters><tes:ftpprotocol>sftp</tes:ftpprotocol><tes:ftpuserdomain>REMOTERUNTIME</tes:ftpuserdomain><tes:localpath>&lt;FSX-ROOT-PATH.74368bdee57d9959ae66fa0769b1cee9&gt;\EBAGENT\send\</tes:localpath><tes:newfilename/><tes:passphrase>eJxzzQy3dtK3DnFICXUMD4oM9/EBADKNBWw=
====
</tes:passphrase><tes:privatekeylocation>&amp;lt;FSX-ROOT-PATH.57&amp;gt;\&amp;lt;EBAGENT_PRIVATE_KEY_LOCATION.75&amp;gt;</tes:privatekeylocation><tes:remotepath>/IN/</tes:remotepath><tes:replacefiles>N</tes:replacefiles><tes:userpasswordauthentication>N</tes:userpasswordauthentication><tes:type>6</tes:type><tes:typename>FTPJOB</tes:typename><tes:name>HUM031-010-020-020-020-061</tes:name><tes:parentname>\HUE\HUM031\HUM031-010\HUM031-010-020\HUM031-010-020-020\HUM031-010-020-020-020</tes:parentname><tes:active>N</tes:active><tes:effectivecalendarid>1</tes:effectivecalendarid><tes:alias>58299</tes:alias><tes:extendedinfo>&lt;ftp&gt;&lt;protocol&gt;sftp&lt;/protocol&gt;&lt;ssh&gt;0&lt;/ssh&gt;&lt;ecsp&gt;3DES,Blowfish,AES,AES192-CBC,AES128-CBC,AES256-CBC,AES192-CTR,AES128-CTR,AES256-CTR&lt;/ecsp&gt;&lt;auth&gt;2&lt;/auth&gt;&lt;kyfl&gt;&amp;lt;FSX-ROOT-PATH.57&amp;gt;\&amp;lt;EBAGENT_PRIVATE_KEY_LOCATION.75&amp;gt;&lt;/kyfl&gt;&lt;kypp&gt;eJxzzQy3dtK3DnFICXUMD4oM9/EBADKNBWw=
====
&lt;/kypp&gt;&lt;/ftp&gt;</tes:extendedinfo><tes:businessunitname>JAPAN</tes:businessunitname><tes:successorsvalue>Y</tes:successorsvalue><tes:predecessorsvalue>Y</tes:predecessorsvalue><tes:breachoffset>0</tes:breachoffset><tes:riskoffset>0</tes:riskoffset><tes:critical>N</tes:critical><tes:childrencount>0</tes:childrencount><tes:effectiveagentid>0</tes:effectiveagentid><tes:agentlistname>GLOBALSCAPE-AGENT-LIST</tes:agentlistname><tes:agentlistfullname>\GLOBALSCAPE-AGENT-LIST</tes:agentlistfullname><tes:domain>REMOTERUNTIME</tes:domain><tes:allowunscheduled>Y</tes:allowunscheduled><tes:inheritcalendar>Y</tes:inheritcalendar><tes:inheritagent>N</tes:inheritagent><tes:inherittimewindow>N</tes:inherittimewindow><tes:parentactive>N</tes:parentactive><tes:timewindowoption>0</tes:timewindowoption><tes:command>&lt;FSX-ROOT-PATH.74368bdee57d9959ae66fa0769b1cee9&gt;\EBAGENT\send\</tes:command><tes:agentlistostype>1</tes:agentlistostype><tes:allowrerun>Y</tes:allowrerun><tes:calendaroffset>0</tes:calendaroffset><tes:concurrency>4</tes:concurrency><tes:dependencylogic>1</tes:dependencylogic><tes:disablecarryover>0</tes:disablecarryover><tes:durationestimated>15</tes:durationestimated><tes:durationmaximum>60</tes:durationmaximum><tes:durationminimum>60</tes:durationminimum><tes:estimatedmethod>1</tes:estimatedmethod><tes:excludeabnormalduration>4</tes:excludeabnormalduration><tes:exitcodenormaloperator>1</tes:exitcodenormaloperator><tes:fullpath>\HUE\HUM031\HUM031-010\HUM031-010-020\HUM031-010-020-020\HUM031-010-020-020-020\HUM031-010-020-020-020-061</tes:fullpath><tes:historyretention>60</tes:historyretention><tes:inheritoptions>Y</tes:inheritoptions><tes:inheritrepeat>Y</tes:inheritrepeat><tes:isnotes>false</tes:isnotes><tes:isrunbook>false</tes:isrunbook><tes:nearoutage>3</tes:nearoutage><tes:normalexitfromrange>0</tes:normalexitfromrange><tes:normalexittorange>0</tes:normalexittorange><tes:parameters>2,"&lt;EBAGENT_FTP_HOST.787a58182bb47a991e6f7e9f339f072e&gt;","D001_D001000001_*_IN_EBAGENT_ZGN-SPY-PVT_ZENGIN_2780000903_1.txt.asc","",N,N,N</tes:parameters><tes:priority>50</tes:priority><tes:repeat/><tes:rerundependency>N</tes:rerundependency><tes:saveoutputoption>Y</tes:saveoutputoption><tes:trackingmethod>1</tes:trackingmethod><tes:unixprofile>8192</tes:unixprofile><tes:waitOperator>N</tes:waitOperator><tes:waitoperator>N</tes:waitoperator><tes:environmentfile>/IN/</tes:environmentfile><tes:runbook/><tes:notes>-- Deployed from JPTYOTAGAD001.onetakeda.com by onetakeda\urg9573 on 11/17/2021 12:23:39 AM
-- Deployed from JPTYOTAGAPT001 by onetakeda\xzx8837 on 02/25/2022 09:56:35 AM</tes:notes><tes:concurrencytype>6</tes:concurrencytype><tes:tags/><tes:ftpusername>REMOTERUNTIME\D001000001</tes:ftpusername><tes:ownername>AppSrvc-NonHealthcare-JP</tes:ownername><tes:runtimeusername>REMOTERUNTIME\D001000001</tes:runtimeusername><tes:localusername>ONETAKEDA\SVC-1077817</tes:localusername></tes:ftpjob></entry><entry><tes:ftpjob><tes:anonymous>N</tes:anonymous><tes:asciiformat>N</tes:asciiformat><tes:encryptioncypherselection>3DES,Blowfish,AES,AES192-CBC,AES128-CBC,AES256-CBC,AES192-CTR,AES128-CTR,AES256-CTR</tes:encryptioncypherselection><tes:ftphost>&lt;EBAGENT_FTP_HOST.787a58182bb47a991e6f7e9f339f072e&gt;</tes:ftphost><tes:filename>D001_D001000001_*_IN_EBAGENT_ZGN-SPY-PVT_ZENGIN_2780000503_1.txt.asc</tes:filename><tes:ftpoperation>2</tes:ftpoperation><tes:ftpparameters>2,"&lt;EBAGENT_FTP_HOST.787a58182bb47a991e6f7e9f339f072e&gt;","D001_D001000001_*_IN_EBAGENT_ZGN-SPY-PVT_ZENGIN_2780000503_1.txt.asc","",N,N,N</tes:ftpparameters><tes:ftpprotocol>sftp</tes:ftpprotocol><tes:ftpuserdomain>REMOTERUNTIME</tes:ftpuserdomain><tes:localpath>&lt;FSX-ROOT-PATH.74368bdee57d9959ae66fa0769b1cee9&gt;\EBAGENT\send\</tes:localpath><tes:newfilename/><tes:passphrase>eJxLLLEoy7YvC4z3zPMJCg/38YgEAD2lBkQ=
====
</tes:passphrase><tes:privatekeylocation>&amp;lt;FSX-ROOT-PATH.57&amp;gt;\&amp;lt;EBAGENT_PRIVATE_KEY_LOCATION.75&amp;gt;</tes:privatekeylocation><tes:remotepath>/IN/</tes:remotepath><tes:replacefiles>N</tes:replacefiles><tes:userpasswordauthentication>N</tes:userpasswordauthentication><tes:type>6</tes:type><tes:typename>FTPJOB</tes:typename><tes:name>HUM031-010-010-020-020-061</tes:name><tes:parentname>\HUE\HUM031\HUM031-010\HUM031-010-010\HUM031-010-010-020\HUM031-010-010-020-020</tes:parentname><tes:active>N</tes:active><tes:effectivecalendarid>1</tes:effectivecalendarid><tes:alias>57539</tes:alias><tes:extendedinfo>&lt;ftp&gt;&lt;protocol&gt;sftp&lt;/protocol&gt;&lt;ssh&gt;0&lt;/ssh&gt;&lt;ecsp&gt;3DES,Blowfish,AES,AES192-CBC,AES128-CBC,AES256-CBC,AES192-CTR,AES128-CTR,AES256-CTR&lt;/ecsp&gt;&lt;auth&gt;2&lt;/auth&gt;&lt;kyfl&gt;&amp;lt;FSX-ROOT-PATH.57&amp;gt;\&amp;lt;EBAGENT_PRIVATE_KEY_LOCATION.75&amp;gt;&lt;/kyfl&gt;&lt;kypp&gt;eJxLLLEoy7YvC4z3zPMJCg/38YgEAD2lBkQ=
====
&lt;/kypp&gt;&lt;/ftp&gt;</tes:extendedinfo><tes:businessunitname>JAPAN</tes:businessunitname><tes:successorsvalue>Y</tes:successorsvalue><tes:predecessorsvalue>Y</tes:predecessorsvalue><tes:breachoffset>0</tes:breachoffset><tes:riskoffset>0</tes:riskoffset><tes:critical>N</tes:critical><tes:childrencount>0</tes:childrencount><tes:effectiveagentid>0</tes:effectiveagentid><tes:agentlistname>GLOBALSCAPE-AGENT-LIST</tes:agentlistname><tes:agentlistfullname>\GLOBALSCAPE-AGENT-LIST</tes:agentlistfullname><tes:domain>REMOTERUNTIME</tes:domain><tes:allowunscheduled>Y</tes:allowunscheduled><tes:inheritcalendar>Y</tes:inheritcalendar><tes:inheritagent>N</tes:inheritagent><tes:inherittimewindow>N</tes:inherittimewindow><tes:parentactive>N</tes:parentactive><tes:timewindowoption>0</tes:timewindowoption><tes:command>&lt;FSX-ROOT-PATH.74368bdee57d9959ae66fa0769b1cee9&gt;\EBAGENT\send\</tes:command><tes:agentlistostype>1</tes:agentlistostype><tes:allowrerun>Y</tes:allowrerun><tes:calendaroffset>0</tes:calendaroffset><tes:concurrency>4</tes:concurrency><tes:dependencylogic>1</tes:dependencylogic><tes:disablecarryover>0</tes:disablecarryover><tes:durationestimated>15</tes:durationestimated><tes:durationmaximum>60</tes:durationmaximum><tes:durationminimum>60</tes:durationminimum><tes:estimatedmethod>1</tes:estimatedmethod><tes:excludeabnormalduration>4</tes:excludeabnormalduration><tes:exitcodenormaloperator>1</tes:exitcodenormaloperator><tes:fullpath>\HUE\HUM031\HUM031-010\HUM031-010-010\HUM031-010-010-020\HUM031-010-010-020-020\HUM031-010-010-020-020-061</tes:fullpath><tes:historyretention>60</tes:historyretention><tes:inheritoptions>Y</tes:inheritoptions><tes:inheritrepeat>Y</tes:inheritrepeat><tes:isnotes>false</tes:isnotes><tes:isrunbook>false</tes:isrunbook><tes:nearoutage>3</tes:nearoutage><tes:normalexitfromrange>0</tes:normalexitfromrange><tes:normalexittorange>0</tes:normalexittorange><tes:parameters>2,"&lt;EBAGENT_FTP_HOST.787a58182bb47a991e6f7e9f339f072e&gt;","D001_D001000001_*_IN_EBAGENT_ZGN-SPY-PVT_ZENGIN_2780000503_1.txt.asc","",N,N,N</tes:parameters><tes:priority>50</tes:priority><tes:repeat/><tes:rerundependency>N</tes:rerundependency><tes:saveoutputoption>Y</tes:saveoutputoption><tes:trackingmethod>1</tes:trackingmethod><tes:unixprofile>8192</tes:unixprofile><tes:waitOperator>N</tes:waitOperator><tes:waitoperator>N</tes:waitoperator><tes:environmentfile>/IN/</tes:environmentfile><tes:runbook/><tes:notes>-- Deployed from JPTYOTAGAD001.onetakeda.com by onetakeda\urg9573 on 11/17/2021 12:23:39 AM
-- Deployed from JPTYOTAGAPT001 by onetakeda\xzx8837 on 02/25/2022 09:56:56 AM</tes:notes><tes:concurrencytype>6</tes:concurrencytype><tes:tags/><tes:ftpusername>REMOTERUNTIME\D001000001</tes:ftpusername><tes:ownername>AppSrvc-NonHealthcare-JP</tes:ownername><tes:runtimeusername>REMOTERUNTIME\D001000001</tes:runtimeusername><tes:localusername>ONETAKEDA\SVC-1077817</tes:localusername></tes:ftpjob></entry></feed>