<?xml version="1.0" encoding="UTF-8"?><feed xmlns:tes="http://www.tidalsoftware.com/client/tesservlet"><entry><tes:variable><tes:lastvalue>/apps/IICS-RunAJob-Script/runjob.sh</tes:lastvalue><tes:description>-- Deployed from JPTYOTAGAD001.onetakeda.com by onetakeda\uxp2321 on 11/01/2021 02:02:24 PM
-- Deployed from JPTYOTAGAPT001 by onetakeda\sagpatil on 02/14/2022 07:22:36 AM</tes:description><tes:varmstvalue>/apps/IICS-RunAJob-Script/runjob.sh</tes:varmstvalue><tes:innervalue>/apps/IICS-RunAJob-Script/runjob.sh</tes:innervalue><tes:type>1</tes:type><tes:readonly>N</tes:readonly><tes:publish>N</tes:publish><tes:name>IICS-EDB-RUNJOB-SCRIPT_PARAM</tes:name><tes:calc>N</tes:calc><tes:pub>Y</tes:pub><tes:ownername>Platform-Tidal-GLBL</tes:ownername></tes:variable></entry><entry><tes:variable><tes:lastvalue>\\amznfsxllrtqyie.onetakeda.com\share\JHexterData</tes:lastvalue><tes:description>-- Deployed by ONETAKEDA\PES4859 on 18/8/2021
-- Deployed from JPTYOTAGAD001.onetakeda.com by onetakeda\urg9573 on 09/21/2021 03:01:19 AM
-- Deployed from JPTYOTAGAPT001 by onetakeda\sagpatil on 10/05/2021 05:22:53 AM</tes:description><tes:varmstvalue>\\amznfsxllrtqyie.onetakeda.com\share\JHexterData</tes:varmstvalue><tes:innervalue>\\amznfsxllrtqyie.onetakeda.com\share\JHexterData</tes:innervalue><tes:type>1</tes:type><tes:readonly>N</tes:readonly><tes:publish>N</tes:publish><tes:name>FSX-ROOT-PATH</tes:name><tes:calc>N</tes:calc><tes:pub>Y</tes:pub><tes:ownername>AppSrvc-NonHealthcare-JP</tes:ownername></tes:variable></entry><entry><tes:variable><tes:lastvalue>10.187.39.146</tes:lastvalue><tes:description>EBAgent test environment
-- Deployed from JPTYOTAGAD001.onetakeda.com by onetakeda\urg9573 on 01/28/2022 12:38:04 AM
-- Deployed from JPTYOTAGAPT001 by onetakeda\MJQ2584 on 02/07/2022 01:47:50 AM</tes:description><tes:varmstvalue>10.187.39.145</tes:varmstvalue><tes:innervalue>10.187.39.145</tes:innervalue><tes:type>1</tes:type><tes:readonly>N</tes:readonly><tes:publish>N</tes:publish><tes:name>EBAGENT_FTP_HOST</tes:name><tes:calc>N</tes:calc><tes:pub>Y</tes:pub><tes:ownername>AppSrvc-NonHealthcare-JP</tes:ownername></tes:variable></entry><entry><tes:variable><tes:lastvalue>Key\GGAPS_Private_Key_Test.ppk</tes:lastvalue><tes:description>Key for send/receive file from EBAgent
-- Deployed from JPTYOTAGAD001.onetakeda.com by onetakeda\urg9573 on 01/28/2022 12:38:05 AM
-- Deployed from JPTYOTAGAPT001 by onetakeda\MJQ2584 on 02/07/2022 01:47:51 AM</tes:description><tes:varmstvalue>Key\GGAPS_Private_Key.ppk</tes:varmstvalue><tes:innervalue>Key\GGAPS_Private_Key.ppk</tes:innervalue><tes:type>1</tes:type><tes:readonly>N</tes:readonly><tes:publish>N</tes:publish><tes:name>EBAGENT_PRIVATE_KEY_LOCATION</tes:name><tes:calc>N</tes:calc><tes:pub>Y</tes:pub><tes:ownername>AppSrvc-NonHealthcare-JP</tes:ownername></tes:variable></entry><entry><tes:variable><tes:lastvalue>/jptyojhxtrt/JHexterData</tes:lastvalue><tes:description>Encryption/Decryption
-- Deployed from JPTYOTAGAD001.onetakeda.com by onetakeda\urg9573 on 01/28/2022 12:38:06 AM
-- Deployed from JPTYOTAGAPT001 by onetakeda\MJQ2584 on 02/07/2022 01:47:52 AM</tes:description><tes:varmstvalue>/jptyojhxtrp/JHexterData</tes:varmstvalue><tes:innervalue>/jptyojhxtrp/JHexterData</tes:innervalue><tes:type>1</tes:type><tes:readonly>N</tes:readonly><tes:publish>N</tes:publish><tes:name>IICS-FSX-PATH</tes:name><tes:calc>N</tes:calc><tes:pub>Y</tes:pub><tes:ownername>AppSrvc-NonHealthcare-JP</tes:ownername></tes:variable></entry></feed>